brand,domain,label
salesforce,reasonclothing.com,0
steam,steam-login.ru,1
flipkart,mup.cz,0
bestbuy,lexus.ua,0
axisbank,pizzahut.com.bn,0
google,g0ogle.ru,1
paytm,iowaworkforcedevelopment.gov,0
nvidia,ontstekingsziekten.nl,0
uber,uber-auth.ru,1
axisbank,ddcpl.com,0
samsung,appelsiini.net,0
intel,tk222.ru,0
whatsapp,whatsapp-login.cn,1
flipkart,star71three.shop,0
spotify,chrys.digital,0
kraken,bybitgum.com,0
facebook,uptimer.dev,0
hulu,wanlingteahouse.com,0
spotify,un-spider.org,0
kraken,thebodyshop.pt,0
intel,purepearls.com,0
zoom,c64.org,0
paytm,astalaweb.com,0
icici,team.shop,0
apple,portlandheadlight.com,0
samsung,247-inc.com,0
intel,jayssportinggoods.com,0
intel,klickenergie.de,0
shopify,zenlogic.us,0
paypal,freefincal.com,0
kotak,volkswagen.com,0
kotak,tmtech.co.uk,0
bestbuy,bestuy.ru,1
hdfc,iflvopx.net,0
target,pornoaccion.com,0
walmart,saving.org,0
roblox,robox.top,1
github,github-secure.top,1
paytm,paytm-update.top,1
facebook,facebook-auth.xyz,1
binance,sts-timing.pl,0
ebay,saratovturizm.ru,0
facebook,faceboork.info,1
tesla,pinkpark-tv.com,0
intel,youshouldask.ai,0
target,targiet.cn,1
ebay,iex.net,0
tesla,jeemainexam.com,0
microsoft,m1crosoft.top,1
microsoft,neptunia-cdn.com,0
kraken,wreathsacrossamerica.org,0
dropbox,dragoncraze.com,0
adobe,mpo228trust.net,0
nvidia,nv1dia.cn,1
twitter,witter.info,1
bestbuy,bstbuy.top,1
microsoft,mcrosoft.top,1
snapchat,dailystandard.com,0
target,t@rget.cn,1
amazon,telebari.it,0
icici,niceass.pics,0
instagram,instagram1.xyz,1
binance,sba.bg,0
twitter,twitt7er.ru,1
linkedin,earningbit.com,0
microsoft,micros4oft.info,1
bestbuy,bestsbuy.xyz,1
icici,miroli.cl,0
paypal,tempusverum.com,0
twitter,twitter-verify.ru,1
zoom,vegamovies.house,0
bybit,publiceye.ch,0
booking,infoseclearning.com,0
twitter,btwitter.ru,1
netflix,mantrahindu.com,0
bestbuy,armahost.com,0
tesla,tehsla.cn,1
steam,st3am.ru,1
dropbox,dmropbox.top,1
expedia,sequoiacpe.com,0
netflix,bios.gr,0
zoom,wzoom.ru,1
steam,heliarexpress.com.br,0
ebay,mypinterventures.com,0
stripe,strpe.xyz,1
tiktok,azimuth-consulting.com,0
facebook,facebok.cn,1
kraken,tain.com,0
whatsapp,hatsapp.info,1
twitter,twtter.ru,1
bestbuy,tennants.co.uk,0
roblox,jshmtrq.cn,0
facebook,moto24.ro,0
target,coachhub.com,0
hdfc,1xbet-vxkh.top,0
oracle,orapcle.cn,1
roblox,roblo7x.ru,1
microsoft,m5icrosoft.info,1
expedia,expeddia.ru,1
reddit,re2ddit.info,1
intel,clapad.com,0
roblox,robflox.top,1
roblox,robl4ox.xyz,1
ebay,lotteins.co.kr,0
paypal,bosla.ru,0
coinbase,oinbase.xyz,1
coinbase,diamant-zucker.de,0
kraken,aisproxy.com,0
ebay,eubay.top,1
roblox,roblyox.xyz,1
nvidia,cric365day.com,0
target,targeat.top,1
paypal,paypal.com,0
tiktok,fssibadan.edu.ng,0
google,airbytescloud.net,0
ebay,ruat.gob.bo,0
binance,racunovodja.info,0
uber,erotikashow.hu,0
binance,easipass.com,0
steam,blink.com,0
github,finalweapon.net,0
salesforce,golfersrow.com,0
paytm,wpaytm.xyz,1
telegram,tvelegram.top,1
flipkart,diuwin8.com,0
amazon,amazon-verify.xyz,1
tiktok,tiktokk.top,1
apple,rig-talk.com,0
paypal,paypa2l.cn,1
google,googl.info,1
icici,earthcare.co.jp,0
telegram,telejgram.ru,1
telegram,telegram-secure.info,1
stripe,str1pe.info,1
snapchat,chaoxing.com,0
tiktok,nintendowire.com,0
kraken,freestreams-live1a.pk,0
uber,partsdesign.net,0
linkedin,infissiperte.com,0
linkedin,linkedin-secure.ru,1
binance,citychurchabq.org,0
paypal,fumuo.jp,0
booking,hipster.net.ua,0
shopify,s1hopify.cn,1
ebay,7road.net,0
amazon,spod.cx,0
reddit,jcbmpi.com,0
kraken,pmcjewellery.com,0
kotak,beecityusa.org,0
binance,2binance.xyz,1
intel,h-paradise.net,0
oracle,uslnordovest.toscana.it,0
telegram,v-r.de,0
twitter,sqev.ir,0
flipkart,flipkart-secure.cn,1
kraken,kaken.xyz,1
oracle,rms.de,0
steam,steam.com,0
booking,bhooking.info,1
shopify,sh3opify.ru,1
kraken,kr@ken.ru,1
dropbox,newyear2026-sale.shop,0
salesforce,salesforwce.info,1
facebook,machinerypark.com,0
reddit,rueduprint.fr,0
ebay,alphaorimarine.com,0
spotify,clearbulletin.us,0
expedia,selangorturfclub.com,0
snapchat,koombiyodelivery.lk,0
netflix,1xbet-pxek.top,0
google,bestqp.com,0
snapchat,pluxeeforfintech.mx,0
flipkart,attribution.guru,0
hulu,20x200.com,0
coinbase,otobi.com,0
bybit,ruwake.space,0
nvidia,bestsecret.fr,0
facebook,atom336.com,0
microsoft,microsoft-login.info,1
zoom,w.tv,0
bybit,bybit8.top,1
twitter,twitter-secure.ru,1
ebay,eba.xyz,1
bybit,lolc.com,0
microsoft,youfone.nl,0
telegram,envirogadget.com,0
facebook,getuploadkit.com,0
coinbase,coinbas.top,1
whatsapp,1xbet-mqnk.top,0
linkedin,promob.com,0
airbnb,airobnb.top,1
adobe,hzchengdun.com,0
reddit,redditt.xyz,1
spotify,short-video.net,0
oracle,downmayur.monster,0
oracle,rishihood.edu.in,0
samsung,thetruestory.news,0
expedia,expedria.cn,1
steam,steadyway.ca,0
shopify,shopify-verify.cn,1
salesforce,salepsforce.info,1
icici,grow.google,0
shopify,ftfc3g2.com,0
snapchat,snapcht.xyz,1
intel,in1tel.cn,1
whatsapp,vwma.org.au,0
microsoft,roll20preflight.net,0
uber,ecclesia7.net,0
nvidia,nvdia.xyz,1
telegram,qdpnews.it,0
roblox,rblox.ru,1
bybit,link4u.cc,0
snapchat,nightskyhosting.com,0
instagram,beautifulagony.com,0
slack,bragaboysmotos.com,0
telegram,cfy.ru,0
bybit,sosha.ai,0
tiktok,station199.com,0
tiktok,saludcapital.gov.co,0
paytm,6paytm.cn,1
hdfc,cf999.shop,0
oracle,voracle.xyz,1
amazon,runforoffice.org,0
apple,datefloria.com,0
salesforce,dewasukses.xyz,0
target,target.com,0
steam,seam.top,1
shopify,bo5l4x.com,0
instagram,instaggram.xyz,1
oracle,orac7le.info,1
hdfc,sv368.dealer,0
google,googl8e.ru,1
slack,sdlack.ru,1
target,broderbund.com,0
intel,dataru.ru,0
instagram,stga.fr,0
uber,auber.cn,1
booking,booking-login.top,1
intel,sexvid.one,0
dropbox,dropbo.xyz,1
airbnb,passweb.it,0
walmart,sonichealthcare.com,0
instagram,instgram.ru,1
booking,seikomexico.com,0
telegram,firstphone.hu,0
target,kriega.com,0
amazon,amazon-auth.xyz,1
shopify,dashenbanksc.com,0
tesla,cvmarket.lv,0
zoom,cialis.com,0
zoom,kenpai.com,0
instagram,kashkekambiz.com,0
zoom,rajabandotsuper74.com,0
google,uniso.br,0
intel,dhf.be,0
salesforce,slesforce.info,1
expedia,expedia.com,0
samsung,samsug.xyz,1
dropbox,dropbox-verify.info,1
coinbase,co4inbase.top,1
snapchat,esnapchat.xyz,1
ebay,leidseschouwburg-stadsgehoorzaal.nl,0
apple,apple-secure.xyz,1
reddit,revddit.cn,1
samsung,japari-library.com,0
spotify,ma-reduc.com,0
flipkart,flipkwart.info,1
adobe,7littlewords.com,0
spotify,spotify-update.cn,1
kotak,kotak-update.top,1
spotify,culturemonkey.io,0
instagram,covetfashion.com,0
salesforce,salesfrce.top,1
nvidia,online---casino.org,0
icici,icicib.info,1
netflix,neflix.cn,1
zoom,mhost.eu,0
paytm,e-motion.ro,0
coinbase,hopex.net,0
expedia,tv7.fi,0
telegram,exeter.gov.uk,0
airbnb,summerott.com,0
intel,cacheserv.com,0
stripe,menupp.co,0
telegram,betsafe-reviews.com,0
coinbase,downloadprosavevideo.com,0
flipkart,bbqsandfireplaces.com,0
roblox,proparco.fr,0
coinbase,coinbase-secure.xyz,1
telegram,k2q6d2d.com,0
telegram,telegram-auth.top,1
coinbase,12sports.gr,0
google,gsebsolutions.com,0
hdfc,petmi.jp,0
kotak,tiyekli.com,0
hulu,ulu.info,1
stripe,domreaper.com,0
apple,apvple.cn,1
ebay,ebayh.cn,1
nvidia,3nvidia.ru,1
flipkart,flipkar.cn,1
flipkart,flipkarvt.ru,1
snapchat,snapchat-secure.ru,1
adobe,@dobe.info,1
flipkart,photopea.com,0
hdfc,unicaf.org,0
axisbank,sale-attestaty-v-reutove-750.ru,0
stripe,7stripe.cn,1
slack,peta2.com,0
binance,fidnet.com,0
icici,rekassa.kz,0
facebook,fcebook.top,1
uber,uber.com,0
airbnb,rc360.dk,0
netflix,aspe.org,0
telegram,kuyun.com,0
shopify,theperfectjean.nyc,0
coinbase,conbase.top,1
bybit,prognozist.ru,0
hulu,zauru.com,0
tesla,hukukihaber.net,0
microsoft,zdnet.be,0
roblox,roblox-login.cn,1
steam,thryvixion.space,0
intel,coveo.com,0
twitter,psycho-test.org,0
intel,icntel.xyz,1
twitter,china-oilpainting798.com,0
roblox,rkoblox.ru,1
salesforce,salesforc.info,1
icici,orcd.co,0
tesla,tesla-auth.xyz,1
flipkart,26phspin.club,0
tesla,teysla.top,1
hulu,terex.com,0
tesla,tesla.com,0
whatsapp,shreekalaeducation.com,0
github,githuib.top,1
kraken,pagosahotsprings.com,0
airbnb,us-bank-non-residents.com,0
instagram,moondaisyscans.lol,0
dropbox,drobox.cn,1
instagram,instagram2.info,1
adobe,pressafrik.com,0
tesla,ilmakiage.co.il,0
flipkart,bflipkart.xyz,1
slack,slac.cn,1
icici,ircici.cn,1
expedia,maxihoster.com,0
airbnb,continent.ru,0
amazon,amazown.ru,1
slack,scbeasy.com,0
coinbase,artbanq.net,0
salesforce,73-bet-br.com,0
roblox,roblox-auth.info,1
coinbase,jgpnis.rs,0
telegram,elegram.xyz,1
snapchat,sn@pchat.top,1
walmart,chefkoch.de,0
salesforce,salesforce.com,0
roblox,egghead.io,0
zoom,oom.cn,1
airbnb,herothemes.com,0
zoom,ajaonline.org,0
stripe,kubofinanciero.com,0
stripe,uploader.ru,0
stripe,rikitogelseiko.com,0
paytm,pitajrobota.com,0
intel,isorimall.com,0
zoom,zoom-secure.ru,1
ebay,hostingunete.com,0
apple,apiple.ru,1
oracle,transight.in,0
zoom,awsdns-eusc-50.eu,0
booking,evernew.ca,0
instagram,zsthost.com,0
hulu,sykaaa-casino-b.online,0
coinbase,dominos.gr,0
axisbank,oozo.nl,0
dropbox,paysend.io,0
flipkart,leapsecond.com,0
oracle,idiron.com,0
booking,acousticguitarforum.com,0
adobe,aydobe.info,1
stripe,strip.xyz,1
bybit,auto-xpress.co.ke,0
steam,merpatijagoanku.xyz,0
hdfc,curentul.info,0
bybit,bybt.top,1
binance,transdi.biz,0
tesla,tesla-verify.xyz,1
roblox,pajiba.com,0
snapchat,snapvchat.top,1
airbnb,airlbnb.xyz,1
steam,schooms.in,0
hdfc,campfirecroutondecorator.com,0
uber,uber8.info,1
ebay,joshin.co.jp,0
intel,marines.co.jp,0
expedia,artfol.app,0
kotak,kotk.ru,1
roblox,epicenter.bg,0
hdfc,irejournals.com,0
twitter,twitterv.top,1
hulu,emakina.at,0
tesla,kbsi23.com,0
kotak,cher.com,0
slack,flymco.com,0
axisbank,xisbank.info,1
slack,btcc.net,0
nvidia,nordicchoicehotels.com,0
icici,mogujatosama.rs,0
binance,binance-login.ru,1
binance,afewshortcuts.com,0
stripe,titus.de,0
slack,slack-verify.cn,1
adobe,mathfactspro.com,0
telegram,forexyard.com,0
walmart,guesswatches.com,0
roblox,camaralima.org.pe,0
axisbank,insa-rouen.fr,0
tiktok,tiktok-auth.ru,1
airbnb,airlee.com.tw,0
walmart,walmart-login.info,1
icici,icic.cn,1
samsung,cheesecake.com.au,0
microsoft,mollielabs.com,0
expedia,uonex.in,0
salesforce,salesforce-login.xyz,1
binance,radiushost.ru,0
airbnb,arbnb.info,1
github,mangaporn.net,0
netflix,rad.net.id,0
netflix,netflbix.xyz,1
flipkart,onthegrid.city,0
kraken,kraken-verify.xyz,1
dropbox,seedhead.com.au,0
kotak,koak.ru,1
snapchat,snapchat-auth.xyz,1
telegram,scentaholics.com,0
ebay,072info.com,0
kotak,kuklihub.site,0
airbnb,moonbeam.foundation,0
paytm,aytm.cn,1
adobe,adob.info,1
walmart,ww8439.com,0
booking,booing.info,1
bestbuy,lord206qo.sbs,0
expedia,expedia-secure.cn,1
bestbuy,estbuy.ru,1
intel,asrpro.com,0
spotify,s5potify.info,1
walmart,trynowadays.com,0
tiktok,tiktk.xyz,1
hulu,hulu-update.xyz,1
reddit,reddit.com,0
paytm,lewisstores.co.za,0
dropbox,kasino-ru.top,0
facebook,toptalent.co,0
paytm,paytmy.xyz,1
ebay,mbetpro.com,0
apple,apple-auth.top,1
roblox,rupar.puglia.it,0
microsoft,smartmediatrack.com,0
bybit,tokyo-sports.co.jp,0
intel,usa61himselfs.xyz,0
microsoft,microsft.xyz,1
icici,seriouslyfish.com,0
linkedin,allpasscampus.co.kr,0
kotak,insiderlifemedia.co.uk,0
oracle,avpockiehd.com,0
telegram,tvk-avto.com.ua,0
flipkart,flipkat.info,1
tiktok,cartajp.com,0
snapchat,snapchat-verify.xyz,1
coinbase,depmap.org,0
microsoft,johshuya.co.jp,0
kotak,kotakn.top,1
roblox,bigid.com,0
reddit,ikashmir.net,0
telegram,hurey.ph,0
adobe,adobe-auth.top,1
steam,queenalba.net,0
uber,urber.xyz,1
coinbase,nationalbooktokens.com,0
zoom,uzoom.top,1
github,ramo.com.br,0
reddit,reddi.info,1
telegram,nordfx.com,0
bestbuy,nwemail.co.uk,0
paytm,patm.ru,1
kraken,krakend.cn,1
expedia,epedia.ru,1
samsung,pokerplanets2.com,0
bestbuy,wholesalecarparts.com.au,0
facebook,trademos.net,0
kotak,melk.no,0
binance,mubawab-media.com,0
stripe,strie.top,1
target,littlegreencares.com,0
netflix,nbetflix.info,1
samsung,sailingscuttlebutt.com,0
booking,booking.com,0
amazon,blackjackmatrix.us,0
target,slicethepie.com,0
zoom,bsme-at.at,0
snapchat,snaqpchat.info,1
expedia,qishui.com,0
linkedin,linkedin-login.ru,1
microsoft,bx358.com,0
paytm,paytm-login.top,1
telegram,zenhub.com,0
stripe,crosswordle.com,0
intel,ointel.info,1
netflix,netflix-secure.info,1
flipkart,dailytelegraph.com.au,0
intel,xbo.com,0
reddit,reddbit.ru,1
dropbox,webcontrol.net.br,0
binance,hgkyzy.com,0
shopify,shopify-login.xyz,1
kotak,reactivetrainingsystems.com,0
kotak,gsmaintelligence.com,0
salesforce,surfstitch.com,0
linkedin,film-game.cz,0
coinbase,filemanager.ai,0
intel,retakecs.com,0
kotak,checkmed.info,0
binance,binanc.ru,1
samsung,mip-platform.net,0
github,gihub.info,1
facebook,fagcebook.xyz,1
microsoft,cdn77.com,0
coinbase,gogo.gs,0
airbnb,reginapolice.ca,0
binance,iphmx.com,0
github,gitub.xyz,1
shopify,brasilbitcoin.com.br,0
amazon,atmazon.info,1
zoom,chicundstil.com,0
amazon,amazonv.xyz,1
hulu,claytonhomes.com,0
binance,kodomonokuni.org,0
google,mindfulschools.org,0
salesforce,salesfvorce.cn,1
salesforce,parishilton.com,0
shopify,shopfy.top,1
microsoft,microsoft.com,0
google,googe.ru,1
intel,seterra.com,0
nvidia,nvidia-auth.cn,1
telegram,telegram.com,0
coinbase,c0inbase.top,1
dropbox,americanexpress.com,0
intel,intel-secure.cn,1
kotak,b9k8ampk.com,0
ebay,ebay-secure.top,1
zoom,zoom-verify.top,1
target,kotipizza.fi,0
netflix,diplomizspb.ru,0
booking,balkaneu.com,0
microsoft,resortforaday.com,0
paypal,transcaribe.gov.co,0
zoom,stoptb.org,0
facebook,getwemap.com,0
reddit,radarium.com,0
booking,bookinwg.info,1
tiktok,tikto.cn,1
stripe,maxbhi.com,0
roblox,palaceiocanvas.com,0
intel,intel.com,0
expedia,matricula.go.gov.br,0
linkedin,linkein.xyz,1
slack,slack-auth.top,1
spotify,laendleanzeiger.at,0
whatsapp,malaysiagazette.com,0
facebook,institutobernabeu.com,0
paytm,paym.info,1
bybit,byb4it.top,1
roblox,education.gov.il,0
paytm,dc-monaco.cz,0
nvidia,nvoidia.info,1
nvidia,nvidia-secure.top,1
linkedin,gdrtlb.com,0
whatsapp,whasapp.ru,1
zoom,zoomm.xyz,1
apple,salzburgerfestspiele.at,0
ebay,chelseanews.ru,0
tesla,teslza.top,1
icici,icicji.top,1
github,ithub.top,1
telegram,fast-system.ru,0
stripe,love-is.nexus,0
telegram,22brapp.com,0
target,tharget.cn,1
coinbase,oz8.icu,0
oracle,hagercloud.com,0
icici,namepure.com,0
slack,alleskralle.com,0
bestbuy,hallo-muenchen.de,0
instagram,instagram-verify.ru,1
roblox,quilpue.cl,0
telegram,vavada-rrx.top,0
snapchat,victoriafalls-guide.net,0
ebay,brokerunited.com,0
icici,icici.com,0
binance,carrotins.com,0
expedia,ovision.ru,0
airbnb,portafontium.eu,0
linkedin,linakedin.info,1
github,gwithub.top,1
instagram,maison-et-domotique.com,0
walmart,record360.com,0
adobe,honda.it,0
spotify,corpodebombeiros.sp.gov.br,0
github,githuyb.top,1
netflix,kpmg.com.br,0
stripe,nachbijoux.com,0
salesforce,tradepoint.org,0
twitter,timefork.io,0
icici,infinit.la,0
kraken,honourclothing.com,0
airbnb,airbnb.com,0
stripe,theedinburghreporter.co.uk,0
steam,stebam.cn,1
twitter,congletonmortuary.com,0
ebay,ebary.cn,1
linkedin,linkedin-verify.info,1
github,github-login.info,1
oracle,youinvest.co.uk,0
whatsapp,whatsap.xyz,1
booking,deliriyou.com.br,0
paytm,compassdiversified.com,0
amazon,anak2u.com.my,0
adobe,adobed.top,1
icici,iffgd.org,0
icici,sabesp.com.br,0
instagram,nov01.net,0
expedia,xpedia.info,1
target,cekicel.com,0
instagram,a315jys.top,0
samsung,ssamsung.xyz,1
paypal,pay2pal.top,1
target,targ7et.ru,1
spotify,annozone.org,0
expedia,expdia.cn,1
salesforce,salesfforce.ru,1
netflix,ct-connex.com,0
steam,inia.es,0
zoom,cuhk.edu.cn,0
instagram,tunduk.kg,0
steam,steaam.cn,1
telegram,teleram.xyz,1
linkedin,linkedin-update.ru,1
intel,ntel.top,1
airbnb,nstudy.info,0
google,goo9gle.ru,1
google,gameliner.nl,0
kraken,xcitefun.net,0
amazon,kahoku.co.jp,0
microsoft,portalseguro.srv.br,0
bybit,yougotus.ai,0
twitter,acity.com.pe,0
bestbuy,movieclips.com,0
slack,ero2ch.net,0
bestbuy,silicanetworks.net.ar,0
paytm,journalline.my,0
google,goobgle.xyz,1
ebay,andiotwatches.vip,0
ebay,21q1mw.com,0
spotify,riverbelle.top,0
microsoft,tbray.org,0
binance,jeparatotogoyang.com,0
expedia,univ-smb.fr,0
kotak,kotak-secure.info,1
linkedin,linkedivn.cn,1
hulu,kedaisekolah.my,0
facebook,dogmaru.co.kr,0
amazon,vardagssikt.se,0
uber,nghean24h.vn,0
kraken,kra3ken.ru,1
tesla,basisdns.com,0
oracle,shanghaipeixun.com,0
axisbank,kinkycats.org,0
airbnb,ausolo.com,0
kraken,znsbahamas.com,0
shopify,shopiy.ru,1
ebay,eay.cn,1
bestbuy,bestby.info,1
hulu,hulu-verify.xyz,1
hdfc,audioforum.eu,0
slack,m.ua,0
salesforce,groupesda3.com,0
expedia,budget.com.au,0
steam,steam-auth.top,1
paypal,p@ypal.info,1
binance,fatewithfortune.com,0
salesforce,salesforce-auth.info,1
facebook,theplayerstribune.com,0
target,demarini.com,0
twitter,msa.fr,0
ebay,as39202.co.uk,0
hulu,dvdprime.com,0
netflix,vdocipher.com,0
coinbase,ghbhomecenter.com,0
binance,tameson.co.uk,0
bestbuy,datahub7.net,0
airbnb,airbnfb.xyz,1
samsung,samhsung.cn,1
tiktok,iktok.cn,1
hdfc,hdfc-login.top,1
ebay,bay.info,1
twitter,pohonemas33.website,0
kotak,playsverse.com,0
airbnb,airbb.top,1
ebay,datadev10.com,0
reddit,red4dit.xyz,1
bybit,hostus.pl,0
tesla,tappara.co,0
instagram,gym-walsrode.de,0
spotify,tekbast.com,0
google,oecd-development-matters.org,0
bestbuy,oldenburg-tourismus.de,0
airbnb,visitrwanda.com,0
netflix,netfix.info,1
paytm,ladderdicelabs.com,0
linkedin,lin5kedin.ru,1
shopify,jornalcidade.net,0
github,githu.ru,1
google,476vfightergroup.com,0
samsung,linefriendssquare.jp,0
salesforce,risepulsepro.id,0
twitter,twitte.cn,1
intel,istecanta.com,0
binance,binarnce.info,1
zoom,freshtopics.us,0
hdfc,hdfcj.xyz,1
flipkart,flipkrt.ru,1
booking,proferten.kz,0
whatsapp,geoscaling.com,0
facebook,practicevce.com,0
coinbase,coinbase-auth.top,1
kraken,motrotech.com,0
coinbase,nationsglory.fr,0
shopify,shopify.com,0
shopify,shopify-auth.ru,1
bybit,qiuitoy.com,0
bestbuy,xiajinchina.com,0
steam,earnforex.com,0
spotify,potify.cn,1
kraken,krakn.top,1
netflix,publishednundear.com,0
bestbuy,bestbuy-auth.xyz,1
hulu,hokifun1.com,0
intel,costanavarino.com,0
bybit,jdadvising.com,0
salesforce,gehirndns.net,0
reddit,ucb.com.bd,0
coinbase,coi1nbase.xyz,1
kotak,france-express.com,0
icici,aka.dk,0
kotak,skybet.net,0
paypal,siptpna.com,0
walmart,blizzboygames.net,0
hdfc,hdfc.com,0
reddit,edu-1c.ru,0
slack,s1ack.xyz,1
instagram,vantique.net,0
netflix,weersvoorspelling.nl,0
linkedin,masirahtv.net,0
axisbank,voicebuzz.ae,0
hulu,chub.ai,0
walmart,unrealadmin.org,0
icici,icici-secure.info,1
kotak,capterra.es,0
steam,kyc.gov.gr,0
roblox,keemotion.com,0
microsoft,shadowchess.com,0
salesforce,coppermind.net,0
samsung,tabi-mag.jp,0
apple,copa.pl,0
axisbank,axisbank-auth.ru,1
stripe,stripe.com,0
axisbank,axisank.xyz,1
twitter,twitter.com,0
slack,stcatharines.ca,0
netflix,ne0tflix.ru,1
hulu,3hulu.top,1
snapchat,minted.us,0
instagram,1nstagram.top,1
telegram,t7elegram.ru,1
twitter,twitterl.xyz,1
bestbuy,abc.ru,0
reddit,intentlychina.com,0
airbnb,ummavpn.com,0
bestbuy,b3stbuy.top,1
hulu,6hulu.top,1
paytm,usa7flys.top,0
expedia,expeda.xyz,1
steam,affarsmediahub.se,0
facebook,istdns.com,0
tesla,lbk-sol.com,0
salesforce,pulsemarket.app,0
hdfc,kjdaily.com,0
bybit,caonima2.top,0
binance,vidburner.com,0
roblox,pinco113.com,0
samsung,zebit.com,0
walmart,moon7partners.top,0
shopify,hopify.cn,1
walmart,king88.dental,0
icici,beat.net.id,0
instagram,instagruam.info,1
bybit,nbybit.ru,1
flipkart,rn223.xyz,0
paypal,naiping.fun,0
nvidia,nvidi1a.cn,1
amazon,stat.com.tw,0
axisbank,hammockpg.com,0
twitter,titter.xyz,1
binance,binance-auth.info,1
expedia,netyeti.com,0
twitter,twittekr.xyz,1
google,gogle.ru,1
snapchat,snapcjhat.info,1
bybit,byit.info,1
nvidia,vocepergunta.com,0
bestbuy,godiva.co.jp,0
hdfc,hdfc-verify.cn,1
whatsapp,whatxsapp.ru,1
netflix,choicenews.co.kr,0
icici,good-ear.com,0
steam,esteam.ru,1
intel,subfactory.fr,0
icici,fbs1-t-msedge.net,0
bybit,everyone.net,0
roblox,rhoblox.top,1
dropbox,usa7ages.shop,0
snapchat,edgedatg.com,0
bybit,navyfcu.org,0
binance,installs.com,0
dropbox,adropbox.ru,1
flipkart,shemale6.com,0
reddit,rs-class.org,0
bestbuy,be5stbuy.xyz,1
salesforce,bkam.ma,0
samsung,samsun.ru,1
uber,ujber.info,1
ebay,eb8ay.xyz,1
adobe,paxengine.com,0
dropbox,stadsschouwburg-utrecht.nl,0
oracle,shareprice-target.com,0
reddit,25wx.com,0
slack,slack-secure.ru,1
airbnb,molystream.org,0
hulu,hulu-auth.info,1
apple,roobet-canada.com,0
roblox,soulapp.cn,0
target,tabrget.top,1
telegram,edtechreview.in,0
uber,unitedhosting.co.uk,0
samsung,sjifactor.com,0
hulu,cradiac.com,0
adobe,empatiserver.com,0
amazon,lpqv.com.br,0
uber,mastertv.biz,0
amazon,viart.com,0
twitter,twittert.ru,1
booking,tastespotting.com,0
twitter,yakutiamedia.ru,0
flipkart,dipns.com,0
oracle,oravcle.top,1
dropbox,drfopbox.cn,1
whatsapp,watsapp.info,1
oracle,cssd.ac.uk,0
uber,feg.technology,0
samsung,samsunwg.cn,1
target,bmw-motorrad.dk,0
microsoft,truckscontrol.com.br,0
hdfc,mastinteractive.com,0
samsung,peaceau.org,0
roblox,akashi-lib.jp,0
axisbank,katashinakogen.co.jp,0
linkedin,simplebridge.de,0
binance,chromium.org,0
stripe,stripe-update.cn,1
tesla,vtesla.ru,1
instagram,games360.vn,0
intel,lollyjane.com,0
netflix,newschoolers.com,0
adobe,166win.net.br,0
walmart,ifsca.gov.in,0
expedia,3xpedia.info,1
roblox,qmeggnk.xyz,0
slack,sack.top,1
target,pochinimtut.ru,0
stripe,superacme.com,0
hulu,abc10.com,0
whatsapp,wjhatsapp.cn,1
apple,5calaveres.com,0
samsung,tuhesok.com,0
facebook,oneam.cloud,0
github,github-update.cn,1
hdfc,hdfc-secure.top,1
steam,team.info,1
tesla,tesl.ru,1
salesforce,taito.co.jp,0
steam,sangtacviet.com,0
stripe,gamegami.com,0
bybit,3be.ru,0
coinbase,alliantcreditunion.com,0
booking,journoportfolio.com,0
twitter,upmenu.com,0
microsoft,mirosoft.info,1
flipkart,slush.app,0
booking,bookring.top,1
slack,dgmu.ru,0
reddit,4reddit.info,1
binance,nimastelecom.com,0
linkedin,linked5in.info,1
axisbank,clacks.gov.uk,0
ebay,pdfvieweredit.com,0
twitter,rapidavparts.com,0
slack,slack.com,0
expedia,theclassictemplates.com,0
shopify,campingcarlesite.com,0
oracle,armosystems.ru,0
telegram,kzw188.com,0
linkedin,shimane-u.ac.jp,0
expedia,akivaschool.com,0
walmart,wadlmart.top,1
salesforce,salesforce-verify.top,1
apple,appleo.ru,1
stripe,dachsberg.at,0
linkedin,css-dc.com,0
samsung,smsung.info,1
tesla,thesinkboutique.com,0
dropbox,drf.com,0
axisbank,1axisbank.xyz,1
adobe,focusline.us,0
amazon,khamato.com,0
bestbuy,sg-host.com,0
intel,therestaurantwarehouse.co.za,0
oracle,oracle.com,0
netflix,eldo.lu,0
instagram,dagnedover.com,0
telegram,rouleur-electrique.fr,0
github,coopiteasy.be,0
dropbox,coinbasewallet.com,0
expedia,89p888.com,0
twitter,smartwiseagencies.com,0
flipkart,unas.eu,0
paypal,high-1.co.kr,0
whatsapp,whatsapp-update.ru,1
airbnb,medien-kindersicher.de,0
axisbank,increasingspeed.com,0
kraken,victoriassecret.com.tr,0
kotak,kotak.com,0
kotak,ksotak.ru,1
tesla,pictoblox.ai,0
slack,sl1ack.cn,1
expedia,expedia-update.ru,1
samsung,samsuing.info,1
tiktok,tikt1ok.info,1
oracle,learnsmart.edu.hk,0
ebay,ebay-verify.info,1
tesla,tahko.com,0
spotify,cachevalleydaily.com,0
paypal,kalibrate.com,0
github,czatoo.pl,0
stripe,stryipe.top,1
airbnb,airbenb.ru,1
apple,applle.ru,1
icici,gimmemore.com,0
flipkart,unmind.com,0
samsung,samsu3ng.info,1
zoom,5zoom.top,1
stripe,smartbid.ai,0
instagram,keltymentalhealth.ca,0
instagram,acesskenya.net,0
samsung,s@msung.ru,1
telegram,awsdns-us-gov-48.com,0
ebay,br.dk,0
coinbase,img999.cc,0
hdfc,htdfc.cn,1
coinbase,trials-forum.co.uk,0
oracle,oratcle.ru,1
ebay,webnow.net.br,0
linkedin,rspcaqld.org.au,0
airbnb,btly.fun,0
uber,ube9r.top,1
dropbox,elte.hu,0
ebay,voodc.com,0
github,usa7thousands.top,0
paytm,shabakah.net.sa,0
stripe,st6ripe.ru,1
icici,12vids.com,0
hdfc,hdftc.top,1
oracle,nds-voris.de,0
adobe,ormondbeachflorida.org,0
amazon,binarypuzzle.com,0
coinbase,coinbas5e.ru,1
facebook,vavada-kz-kazakhstan.com,0
instagram,inxstagram.info,1
microsoft,microssoft.info,1
tesla,tesla-login.top,1
zoom,zohom.top,1
kotak,aktualzivot.cz,0
microsoft,micosoft.cn,1
paypal,kunstpalast.de,0
steam,m-invest.ru,0
coinbase,coinhbase.info,1
amazon,towerrush-vn.pro,0
microsoft,microsoft-auth.top,1
walmart,swalmart.ru,1
shopify,paczkasmaku.pl,0
instagram,ntcsib.ru,0
ebay,goodsmarteg.com,0
instagram,antenneduesseldorf.de,0
oracle,orawcle.top,1
airbnb,uma-furusato.com,0
target,gruppomps.it,0
microsoft,toprik.com,0
hulu,jetour-izmaylovo.ru,0
uber,golflocker.com,0
flipkart,puyogo.app,0
stripe,altr.cc,0
flipkart,flipkart-login.info,1
kotak,llgc.org.uk,0
oracle,hs-niederrhein.de,0
oracle,futbollibre.net.co,0
kotak,santehnika1.ru,0
telegram,tlegram.xyz,1
nvidia,west-hoster.by,0
intel,rtacabinetstore.com,0
icici,iici.xyz,1
airbnb,reporterwear.com,0
apple,ms.com,0
github,girthub.xyz,1
hulu,zpecloud.com,0
samsung,samsung.com,0
amazon,workngear.com,0
binance,orange.lu,0
adobe,apcareers.in,0
steam,genericdianawitty.com,0
expedia,domainms.com,0
kraken,5imx.com,0
adobe,ellisislandcasino.com,0
target,eresmas.com,0
booking,ns1.am.gov.br,0
hulu,logirus.ru,0
hulu,hul.ru,1
linkedin,joycityplay.com,0
facebook,facebook-update.top,1
ebay,ebay.com,0
oracle,uvg.edu.gt,0
whatsapp,5rlinternet.net,0
walmart,wbalmart.ru,1
slack,gitforjiracloud.com,0
oracle,izrsolutions.com,0
whatsapp,eqao.com,0
expedia,paybooc.co.kr,0
tesla,esla.top,1
adobe,aobe.top,1
reddit,naidoc.org.au,0
walmart,omar-yemen.com,0
stripe,westwing.eu,0
hdfc,emedia.co.uk,0
github,vivatogel-14.com,0
uber,uber-login.info,1
dropbox,dropbox-login.top,1
linkedin,arifoglu.com,0
shopify,blitzjackpotladderprime.com,0
hulu,hulu-login.xyz,1
intel,universtennis.com,0
telegram,telegrgam.cn,1
ebay,daiwair.co.jp,0
samsung,wsamsung.cn,1
linkedin,creditplus.de,0
tiktok,compracompras.com,0
slack,prde.jp,0
bestbuy,freebookmarkingsite.com,0
apple,apple-verify.cn,1
nvidia,ningxialong.com,0
icici,icicsi.top,1
icici,icici-update.info,1
expedia,expe6dia.info,1
nvidia,ga-tech.co.jp,0
microsoft,bud24.pl,0
paytm,eeasa.com.ec,0
netflix,cafat.nc,0
telegram,mtelegram.cn,1
dropbox,vnexpress.net,0
airbnb,laidekuai.org,0
tesla,tela.xyz,1
expedia,bhajanai.com,0
bybit,bybit-login.ru,1
adobe,softok.info,0
steam,niuleoo.com,0
shopify,coreicc.net,0
uber,a2sports.co,0
bybit,anandosangbadlive.com,0
uber,octivid.com,0
booking,bookning.xyz,1
walmart,aaacooper.com,0
axisbank,aisbank.ru,1
steam,operationsmile.org,0
paypal,payal.xyz,1
hulu,ultimatefosters.com,0
reddit,unibraspe.com.br,0
nvidia,jadu.net,0
microsoft,welz.net,0
reddit,netflorist.co.za,0
oracle,tq1h.com,0
kraken,laprimeracloud04.com,0
telegram,886cf.cn,0
reddit,hansolav.net,0
airbnb,rockhealth.com,0
kotak,swpcld.com,0
github,gitnhub.ru,1
tesla,shaggyowl.com,0
paytm,servicereef.com,0
kotak,windpower.org,0
hulu,foot-store.fr,0
netflix,ashramestore.com,0
dropbox,dropboxx.cn,1
axisbank,axisbank-verify.cn,1
paytm,cas-official.com.ua,0
kraken,generateur-de-mentions-legales.com,0
bybit,1win-aviators.net,0
stripe,victory777cm.com,0
kraken,betalist.com,0
kraken,phongwatch.vn,0
apple,aple.top,1
dropbox,cutedeadguys.net,0
nvidia,nvidira.top,1
kotak,kotbak.ru,1
facebook,facbook.top,1
hdfc,santamarcelina.org,0
paypal,torc.ai,0
binance,binanc8e.top,1
icici,rooty.fr,0
snapchat,snapchatp.cn,1
spotify,spotrify.ru,1
bestbuy,pucesdeparissaintouen.com,0
telegram,oze-iwakura.co.jp,0
salesforce,s@lesforce.ru,1
uber,ubere.info,1
oracle,north40.com,0
tesla,bussama.com,0
github,ca33muchs.de,0
kraken,aircraftpilots.com,0
whatsapp,hellcs2.com,0
whatsapp,whatspp.ru,1
uber,ubefr.top,1
hdfc,guestplan.com,0
intel,inteli.xyz,1
flipkart,foodja.com,0
uber,bkbflooringusa.com,0
linkedin,sdtraff.com,0
flipkart,stangle.app,0
hdfc,eternalmu.com,0
flipkart,flipkart-verify.cn,1
netflix,netflx.top,1
paytm,paytm.com,0
shopify,obctopngopi.com,0
whatsapp,whatsapsp.info,1
paypal,huayangjixie.com,0
bestbuy,icugroup.co.uk,0
hdfc,hdfc.ru,1
slack,diplomzbarnaul.ru,0
target,kawaderstore.com,0
coinbase,hbz-nrw.de,0
binance,starzbet434.com,0
telegram,telegram-login.xyz,1
kraken,melodicprogress.com,0
coinbase,snpmb.id,0
target,doing-projects.org,0
stripe,ergonet-dns.net,0
icici,travis-ci.com,0
reddit,reddit-auth.xyz,1
booking,thetidenewsonline.com,0
reddit,gemag.com.cn,0
samsung,hackedbolt.ru,0
axisbank,mymailaccount.co.uk,0
paypal,thedog89.one,0
expedia,ex2pedia.xyz,1
uber,spa-herbs.jp,0
whatsapp,whatsapap.ru,1
oracle,oacle.info,1
paytm,papytm.top,1
telegram,telegra.info,1
instagram,dns-kleebauergmbh.de,0
telegram,tele9gram.ru,1
zoom,mlbshop.ca,0
facebook,guideactuel.fr,0
linkedin,properati.com.ar,0
microsoft,microsoft-secure.top,1
netflix,myhemios.com,0
binance,binnce.xyz,1
apple,krasotka.cc,0
hulu,royalsirlancelot.com,0
spotify,drkgrup.com.tr,0
google,yahoo.com.ph,0
linkedin,linkoedin.info,1
airbnb,irbnb.xyz,1
bybit,klinikverbund-suedwest.de,0
expedia,halifaxexaminer.ca,0
hulu,radiosaovivo.net,0
microsoft,jobsdb.com,0
kotak,otak.ru,1
expedia,expeia.top,1
salesforce,viilaulc.com,0
spotify,spotiy.ru,1
tiktok,sonosite.com,0
github,phimapi.com,0
bestbuy,lysse.com,0
spotify,lnln.jp,0
target,yithosting.co.za,0
bestbuy,gbestbuy.xyz,1
google,google-verify.ru,1
bybit,friendsscreen.kr,0
coinbase,coinase.info,1
bybit,bybitf.top,1
roblox,filterbaby.com,0
zoom,zoom-login.xyz,1
oracle,oracle-verify.info,1
roblox,oblox.top,1
microsoft,digital.nic.in,0
roblox,lihaoyi.com,0
kraken,kraken-secure.top,1
dropbox,bathchronicle.co.uk,0
ebay,ltkalmar.se,0
apple,angeneral.com,0
bestbuy,professional-internet.de,0
binance,openroadbicycles.com,0
tesla,9tesla.info,1
target,kiwiku.com,0
instagram,insjtagram.xyz,1
target,esignserver3.com,0
stripe,123av.com,0
target,taget.xyz,1
microsoft,news-arbeitssicherheit.de,0
samsung,softnyx.com,0
airbnb,macrorecorder.com,0
amazon,amazoqn.cn,1
shopify,imgprom.com,0
instagram,instdagram.top,1
coinbase,coinbase-update.top,1
bybit,ybit.info,1
bybit,tvsudecka.pl,0
hulu,studyladder.com.au,0
airbnb,animex.one,0
stripe,ustripe.xyz,1
tiktok,steamhunters.com,0
bestbuy,be9stbuy.info,1
kraken,kra9ken.info,1
instagram,privacysavvy.com,0
nvidia,kikozidel.com,0
snapchat,sapchat.xyz,1
slack,slak.cn,1
instagram,zenithmanagement.pro,0
salesforce,bluepillstoresilden.com,0
snapchat,snapcha.cn,1
telegram,telegram-update.cn,1
intel,3intel.top,1
snapchat,snachat.top,1
google,alpco.com,0
bestbuy,bestbu8y.cn,1
coinbase,publicprocurement.be,0
booking,83-lordfilm.ru,0
hdfc,msdata.at,0
bybit,bybiat.info,1
walmart,sunnova.com,0
google,engagehosted.com,0
coinbase,ilovenitro.org,0
intel,i8tq.com,0
hdfc,hd0fc.info,1
paypal,piaypal.top,1
coinbase,coignbase.info,1
ebay,ebayx.info,1
whatsapp,groupme.com,0
airbnb,airbnlb.ru,1
netflix,gilacooking.co.il,0
adobe,iadobe.top,1
intel,redragon.shop,0
hdfc,tnwcdn.com,0
facebook,sexoquente.blog.br,0
slack,benova.eu,0
flipkart,occultgram.icu,0
spotify,fbschedules.com,0
spotify,spotify-login.ru,1
icici,infoabi.ee,0
airbnb,allestegenongedierte.nl,0
adobe,myresults.eu,0
whatsapp,haftmin.shop,0
zoom,microbiologics.com,0
slack,slck.xyz,1
linkedin,link9edin.ru,1
hulu,from-ok.com,0
paypal,winderfurniture.com,0
paypal,paypal0.top,1
stripe,classicceramicsshop.com,0
snapchat,snapch3at.cn,1
salesforce,saelesforce.cn,1
linkedin,srad.jp,0
google,google4.info,1
icici,krusttevs.com,0
facebook,faceb9ook.top,1
netflix,netflix-verify.ru,1
airbnb,louisecarmen.com,0
hdfc,sn.pl,0
netflix,merinosearch.com,0
facebook,ofs.com,0
kraken,szytxc.com,0
tesla,bicolisarog.com,0
netflix,nertflix.top,1
booking,mrpnet.ru,0
ebay,bogasari.com,0
facebook,avenacloud.com,0
github,pokerdom-epp.top,0
walmart,gudangvape.com,0
stripe,zipyourflyer.com,0
linkedin,elternjobs.de,0
nvidia,nvidia8.info,1
linkedin,nmmba.gov.tw,0
intel,price.tube,0
tiktok,tiktok-verify.cn,1
whatsapp,itsaw.net,0
binance,biance.info,1
whatsapp,floridainvestment.cz,0
tesla,mirasystem.net,0
slack,hiddendisabilitiesstore.com,0
steam,9steam.xyz,1
hulu,hlu.xyz,1
reddit,conectemgdns.com.br,0
ebay,ebafy.top,1
github,dnscordobahosting.com,0
paypal,velobet.com,0
roblox,downstrailercentre.com.au,0
twitter,ue.edu.pe,0
hulu,eastsoo.com,0
hdfc,nais.net.cn,0
whatsapp,wghatsapp.info,1
apple,@pple.ru,1
nvidia,needtek.cn,0
spotify,fjtgsxcu.com,0
adobe,adobe-verify.ru,1
tiktok,titok.top,1
ebay,5e.tools,0
binance,xmlwolf.com,0
airbnb,@irbnb.ru,1
dropbox,scrubdaddy.com,0
booking,rounding.care,0
uber,elleman.vn,0
tiktok,altherr.de,0
stripe,foxhoundbeecompany.com,0
dropbox,getsite.net,0
nvidia,aicdemos.com,0
binance,ymzrjcdc53.ru,0
steam,steame.top,1
target,arget.xyz,1
target,islabellabeachresort.com,0
zoom,zoom-auth.xyz,1
uber,mailcow.email,0
bybit,bybit.com,0
spotify,spotizfy.cn,1
flipkart,kaplearn.com,0
oracle,carinawear.com,0
hulu,tradingpool.io,0
spotify,spotify-verify.cn,1
steam,stewam.xyz,1
flipkart,flipkkart.ru,1
tiktok,tiktok-login.cn,1
zoom,zoom.com,0
icici,americancinematheque.com,0
linkedin,sparkasse-bodensee.de,0
salesforce,salesf6orce.info,1
apple,money-cloud.ru,0
steam,steatm.cn,1
uber,ub3r.top,1
stripe,mobileinventor.com,0
salesforce,ninjakitchen.es,0
ebay,ebay-update.xyz,1
booking,tophostinginindia.com,0
tiktok,hagobi.com,0
microsoft,monsterry.com,0
kraken,cinnabon.store,0
kraken,aior.com,0
coinbase,upscale.trade,0
apple,appleh.info,1
oracle,rusvideos.co,0
expedia,cyberguy.com,0
paypal,paypa.xyz,1
uber,outtherecolorado.com,0
apple,wildwolf.ru,0
apple,danielvoelk.de,0
ebay,waralbum.ru,0
tiktok,exclusiareality.cz,0
hdfc,hfc.xyz,1
uber,employmentalert.com,0
binance,b4inance.xyz,1
airbnb,alooma.com,0
instagram,instaram.cn,1
airbnb,hacksawgaming.com,0
binance,binance-update.cn,1
zoom,zjxyzs.com,0
binance,autoglass.co.uk,0
shopify,vivliopoleiopataki.gr,0
flipkart,rshcs.cloud,0
tesla,aromatdereva.com.ua,0
facebook,naoko-store.com,0
spotify,contentservice.net,0
slack,dpl.net,0
shopify,shopifyw.info,1
reddit,bck800.com,0
apple,appple.top,1
paytm,media-lab.com.pl,0
flipkart,flipkeart.top,1
bybit,bybi9t.top,1
paypal,rscf.ru,0
amazon,pgwag.com,0
linkedin,freeadsonline.biz,0
spotify,spotifqy.info,1
icici,icici-verify.xyz,1
axisbank,revflow.com,0
expedia,blendline.us,0
walmart,walmar.ru,1
kotak,makadamia.it,0
intel,1ntel.cn,1
flipkart,choco-yummy.com.ua,0
linkedin,wow99meledak.icu,0
snapchat,snapchat.com,0
steam,steamd.xyz,1
bybit,bhojpurisex.site,0
google,churchofreality.org,0
paytm,gifu-u.ac.jp,0
facebook,hp-ww.com,0
binance,inance.top,1
netflix,fondationcartier.com,0
bybit,bybit-secure.cn,1
adobe,nameserver.io,0
salesforce,blackvoices.com,0
roblox,rofblox.info,1
amazon,hanbizmall.com,0
hulu,deti-v-sad.ru,0
uber,tradecentreuk.com,0
uber,buber.ru,1
bybit,b8ybit.xyz,1
telegram,f2s.com,0
whatsapp,whatapp.cn,1
axisbank,axisbankz.xyz,1
intel,openet.gov.za,0
booking,yandex.net,0
snapchat,24hseries.com,0
reddit,reddit-login.top,1
spotify,spribe.win,0
axisbank,axirsbank.ru,1
shopify,northlincs.gov.uk,0
booking,world-today-news.com,0
tiktok,tikrtok.info,1
expedia,chatium.ru,0
binance,scirp.net,0
steam,neomwell.com,0
kotak,rkotak.top,1
nvidia,nvidia-login.cn,1
stripe,u-can.co.jp,0
coinbase,coinibase.cn,1
stripe,stripe-auth.cn,1
zoom,oandp.com,0
netflix,westwingnow.de,0
microsoft,creativevirtual.com,0
booking,otgpayidr.com,0
telegram,busmods.com,0
telegram,ferryviewbnb.com,0
amazon,carscommerce.inc,0
icici,economik.com,0
salesforce,empacter.it,0
telegram,telegam.cn,1
tiktok,tiktok-update.top,1
hulu,gtf128.com,0
steam,hos-cvf.hr,0
stripe,rw4dkaca.com,0
facebook,rivermap.cc,0
dropbox,petango.com,0
facebook,bmw.com.my,0
whatsapp,ceip.org,0
salesforce,sa5lesforce.xyz,1
zoom,zouom.xyz,1
flipkart,flipkart9.top,1
binance,wecloudithosting.nl,0
microsoft,darez.in,0
coinbase,fastcounter.de,0
facebook,facebook-verify.ru,1
target,affine.pro,0
tesla,soccerlive.gr,0
salesforce,saesforce.ru,1
tesla,pokerstarscasino777fr.com,0
oracle,teenage.engineering,0
steam,files.ir,0
stripe,gethomeroom.com,0
slack,srlack.top,1
coinbase,shopimind.io,0
tiktok,iwillbill.com,0
kraken,rassidiplus.com,0
reddit,reddt.top,1
github,g6ithub.top,1
google,google-auth.cn,1
target,exellent.site,0
axisbank,betgospot.us,0
bestbuy,i1daunasia.com,0
target,theplantcompany.co.nz,0
hdfc,express-vpn.com,0
oracle,oflox.com,0
kotak,razeebisons.com,0
axisbank,grow-guru.com,0
netflix,factiva.com,0
intel,intepl.top,1
dropbox,wjw.cn,0
github,github.com,0
steam,weihong.com.cn,0
kotak,leboncoinvacances.fr,0
ebay,micrologysoftwares.com,0
target,fav.cc,0
tiktok,e-janco.com,0
axisbank,smithfieldfoods.com,0
ebay,sunlight.de,0
dropbox,enbook.ro,0
intel,diffusioneshop.com,0
kraken,icudp.com,0
microsoft,visionlibreonline.fr,0
stripe,streipe.xyz,1
bybit,bybnit.info,1
flipkart,6855lmym.top,0
shopify,diplomixsch.ru,0
google,sunwave.net,0
amazon,mazon.cn,1
hdfc,hbdfc.top,1
zoom,icsbusiness.nl,0
axisbank,@xisbank.ru,1
dropbox,driftireland.com,0
tiktok,astra77.blog,0
snapchat,kukan.tw,0
github,eksion.ru,0
amazon,amazon-secure.top,1
nvidia,paypal-net.us,0
github,pskxn.com,0
instagram,nstagram.ru,1
reddit,pinup-download-phone.ru,0
target,target-login.xyz,1
coinbase,prosetnet.com,0
amazon,barratthomes.co.uk,0
roblox,winbuzz24x7.com,0
oracle,oracle-update.info,1
kotak,loza-school-kurs.ru,0
apple,petmart.ro,0
ebay,brakemasters.com,0
walmart,hydrapiglephant.com,0
tiktok,t1ktok.info,1
dropbox,dropbox.com,0
hdfc,skyweb.net,0
binance,binance-verify.cn,1
google,crecerencarrera.com,0
hulu,hu1u.info,1
instagram,istagram.xyz,1
booking,om-online.de,0
github,restartmed.com,0
amazon,emanareterapias.com,0
microsoft,miacrosoft.info,1
expedia,eexpedia.ru,1
ebay,yggtracking.org,0
tesla,integrixcloud.net,0
coinbase,goodprice1000.de,0
flipkart,flipkart.com,0
kraken,apteka.net.ua,0
zoom,ideeregard.fr,0
bestbuy,datastream.com,0
slack,choczero.com,0
steam,snrgy.ru,0
microsoft,microsot.top,1
ebay,makbel.ba,0
twitter,twitteer.ru,1
airbnb,airbnbq.info,1
bestbuy,bestbuzy.cn,1
telegram,irobotnews.com,0
linkedin,linkeadin.cn,1
booking,booking-auth.top,1
axisbank,kremlin.ru,0
coinbase,clickzona.net,0
facebook,egyhosting.com,0
tiktok,knhb.nl,0
kraken,awionline.org,0
ebay,iltasanomat.fi,0
hulu,jz.gov.cn,0
microsoft,cylonemc.net,0
telegram,boombeach.com,0
hulu,hulua.ru,1
whatsapp,ets2modding.com,0
binance,ocenaudio.com,0
paypal,shenzo-next.com,0
stripe,zestimawellness.com,0
amazon,automobil-wirtschaft.com,0
tesla,cncmachines.com,0
adobe,betgohero.us,0
amazon,sale-attestati-v-saranske-89.ru,0
airbnb,aberdeen-internet.com,0
amazon,2xbjhfx.com,0
google,vidqu.ai,0
steam,napcosecurity.com,0
ebay,lepona.de,0
telegram,lpcontent.net,0
whatsapp,bitstack-app.com,0
coinbase,firstenergycorp.com,0
hdfc,hdc.xyz,1
paytm,bolshayastrana.com,0
uber,ampleforth.org,0
adobe,adoibe.cn,1
tiktok,tiktokn.cn,1
icici,icaici.info,1
intel,intel-auth.cn,1
salesforce,saleforce.top,1
telegram,telegravm.cn,1
facebook,fracebook.ru,1
snapchat,snaphat.xyz,1
uber,sedgwickcms.com,0
nvidia,sneakers.com,0
samsung,postyourselfnude.org,0
paypal,pakypal.xyz,1
reddit,r3ddit.top,1
icici,kutubee-ads.com,0
dropbox,ndropbox.xyz,1
airbnb,yakitoriya.ru,0
binance,sec.co.uk,0
kraken,kraken-auth.xyz,1
whatsapp,whatsapp-auth.cn,1
spotify,spdotify.top,1
ebay,towershost.com,0
flipkart,ggslot.cc,0
whatsapp,whatslapp.xyz,1
intel,intl.info,1
kotak,bc.casino,0
twitter,twittter.cn,1
samsung,lajollalight.com,0
shopify,shpify.info,1
axisbank,verbaflo.com,0
instagram,revologycars.com,0
uber,volcan.cl,0
booking,thesufi.com,0
salesforce,stc-spb.ru,0
telegram,pivekunkku.com,0
kraken,alumik-group.ru,0
instagram,kominfo.go.id,0
whatsapp,keyinfo.co.za,0
twitter,twpitter.top,1
salesforce,alesforce.xyz,1
slack,s1lack.ru,1
intel,sysclay.net,0
target,targekt.cn,1
snapchat,sqnapchat.info,1
nvidia,weguard.io,0
binance,binan8ce.ru,1
walmart,uxuy.com,0
netflix,awsdns-cn-15.biz,0
linkedin,worldwidetrophyadventures.com,0
paypal,paaypal.info,1
stripe,london.gov.uk,0
walmart,wamart.info,1
facebook,hawkchair.com,0
salesforce,start-dns.de,0
hdfc,shdfc.info,1
nvidia,pixelorbit.us,0
bestbuy,seattleglobalist.com,0
oracle,pokerdomo.ru,0
instagram,linuxfoundation.org,0
whatsapp,list.in.ua,0
github,github-verify.top,1
axisbank,axisbank.com,0
roblox,roblo.top,1
axisbank,axisbanok.xyz,1
binance,caodangytb.edu.vn,0
kraken,revoaidapp.com,0
expedia,dachost.ru,0
nvidia,sinastorage.cn,0
samsung,haibao.com,0
roblox,robrlox.top,1
tesla,tewsla.top,1
snapchat,nette.pl,0
paytm,egeskov.dk,0
netflix,akihabara-x.jp,0
spotify,totorogames.com,0
github,deev.is,0
tesla,1tesla.top,1
intel,doctorhelps.com,0
zoom,samsungdasis.com,0
adobe,adbe.cn,1
axisbank,axisbank-update.ru,1
kraken,krawken.top,1
spotify,sp2otify.xyz,1
booking,wahlee.com,0
flipkart,clozemaster.com,0
tiktok,ntiktok.cn,1
airbnb,express.de,0
walmart,walmaqrt.ru,1
booking,b0oking.ru,1
uber,originalmuranoglass.com,0
intel,intel-verify.ru,1
expedia,evobet.in,0
facebook,acebook.cn,1
ebay,preferreddesigns.com,0
oracle,oracle-auth.cn,1
dropbox,dropbx.xyz,1
spotify,sp0tify.cn,1
ebay,literaturjournal24.ch,0
kraken,forumelettrico.it,0
spotify,iepf.gov.in,0
zoom,hetwkz.nl,0
walmart,wlmart.ru,1
paytm,paytgm.top,1
binance,ntb100.com,0
tesla,osteoporosis.ca,0
tiktok,vocabulary.com,0
walmart,followupcrm.com,0
uber,journalbuzzfeed.com,0
bestbuy,medialot.fr,0
paytm,decisionmakingforleaders.com,0
paytm,leadstecgz.com,0
hdfc,bridg.com,0
shopify,shopif.info,1
paypal,unistmo.edu.mx,0
hulu,likestoryeg.com,0
github,fbwifi.com,0
ebay,cityunionbank.com,0
hdfc,bcafinance.co.id,0
ebay,ncn.nl,0
amazon,dailyhitblog.com,0
samsung,samsung-update.cn,1
dropbox,dr0pbox.xyz,1
linkedin,blinkedin.info,1
google,oglhosted.co.uk,0
intel,khandaloo.com,0
steam,pmrscambodia.org,0
google,stinehome.com,0
snapchat,fritz.de,0
snapchat,buluthizmetleri.com,0
linkedin,4printing.com,0
bybit,billetto.no,0
booking,bookng.xyz,1
icici,pln.co.id,0
airbnb,voltareninfo.com,0
whatsapp,whatscapp.xyz,1
kraken,x-girl.jp,0
coinbase,coinbase-verify.top,1
google,googl7e.info,1
uber,ab-club.ru,0
reddit,silverscreenandroll.com,0
instagram,instagra.cn,1
netflix,netflixg.top,1
kraken,certificate.digital,0
kraken,altriatheater.com,0
paypal,altimus.com.br,0
airbnb,chinapage.com,0
apple,lorcanito.com,0
google,jardin202.com,0
bestbuy,fellatiojapan.com,0
instagram,lessgames.com,0
tiktok,baobei360.com,0
nvidia,meeting-vip.com,0
coinbase,blackforestcandy.com,0
bybit,etigrup.com,0
telegram,telegdram.cn,1
walmart,0walmart.ru,1
apple,ap1ple.ru,1
flipkart,vbrick.com,0
tesla,fazenda.gov.br,0
coinbase,utplay.com,0
hulu,propertywala.com,0
uber,ubr.info,1
icici,mystorelty.com,0
flipkart,onewidgetworld.com,0
dropbox,iba.org.in,0
tiktok,rushmix.co.uk,0
nvidia,kasinoru.top,0
booking,pitchpredictions.com,0
whatsapp,chiselapp.com,0
spotify,xbus.cn,0
linkedin,globalhost.com.ve,0
bybit,eviltoto.com,0
axisbank,djfen.cc,0
dropbox,ersinoutdoor.com,0
flipkart,aomori.lg.jp,0
coinbase,bloggingthebracket.com,0
adobe,adobe-login.top,1
bestbuy,besbuy.ru,1
axisbank,goldal.ru,0
spotify,hund.io,0
twitter,matemathweb.com,0
google,googdle.cn,1
roblox,betzinocasino777fr.com,0
booking,eventhub.jp,0
target,targe.ru,1
ebay,ebay-login.top,1
telegram,clarins.ru,0
ebay,blog33become.shop,0
github,absa.co.zm,0
walmart,fn.by,0
paypal,propertypreswizard.com,0
bybit,spinehr.in,0
apple,pcm.net,0
instagram,instagram.com,0
tiktok,daytah-or-dahtah.ovh,0
salesforce,eastcoastgearsupply.com,0
apple,lasanthaniroshan.lk,0
kotak,paynicorn.com,0
intel,intel-login.xyz,1
booking,boking.info,1
google,iotappstory.com,0
nvidia,jobed.ai,0
adobe,68559ax.com,0
hdfc,sandiegounified.org,0
google,casino-top69.buzz,0
paytm,bradespar.com.br,0
expedia,turbovipvault.com,0
intel,inel.cn,1
stripe,asmrlib.com,0
netflix,bestip.icu,0
kraken,kraken-update.cn,1
flipkart,binarium15.com,0
linkedin,kswiss.com,0
bybit,bybit-auth.ru,1
stripe,sntripe.cn,1
instagram,appwi.se,0
adobe,jmszays.com,0
kotak,addmusictophoto.com,0
reddit,polyservice.fi,0
instagram,instagraam.cn,1
target,targaet.top,1
instagram,vattenfalleldistribution.se,0
flipkart,mongugamecenter.com,0
amazon,amazo.xyz,1
oracle,e9it.com,0
telegram,arteemusei.com,0
walmart,xdyhgoiodk.net,0
tiktok,tikstok.ru,1
salesforce,backforward.bid,0
axisbank,axisbanka.info,1
flipkart,youreporter.it,0
bestbuy,tiktok-row.net,0
paytm,paytm-auth.cn,1
amazon,amaon.xyz,1
amazon,ventilatieshop.com,0
salesforce,hylex.gg,0
flipkart,vivaqua.be,0
amazon,amazn.cn,1
dropbox,higherin.com,0
axisbank,builderprime.com,0
instagram,hestia.org,0
walmart,mywebhoster.de,0
airbnb,sattakingsuperfast.in,0
airbnb,visma.se,0
tesla,teslda.info,1
tesla,dom-podarka.ru,0
amazon,hamazon.cn,1
stripe,stipe.top,1
shopify,iflogg.com,0
linkedin,ladypopular.sk,0
uber,ubewr.info,1
reddit,o90win.com,0
intel,delgym.com,0
salesforce,scienceline.org,0
bestbuy,altwi-zgs.com,0
apple,software35.com,0
coinbase,mmzgp.com,0
linkedin,l6inkedin.info,1
slack,slacku.ru,1
zoom,z0om.ru,1
intel,omg77.me,0
paypal,topschooljobs.org,0
hdfc,getnamenecklace.com,0
walmart,walmrt.cn,1
target,taorget.ru,1
coinbase,sexclips.cyou,0
bestbuy,scoopempire.com,0
microsoft,microso1ft.info,1
oracle,oracl.ru,1
steam,webspring.se,0
axisbank,victoriassecret.com.au,0
tiktok,tiktok-secure.top,1
oracle,jardindevicky.ca,0
airbnb,chinmayfinserve.com,0
spotify,banglarbhumi.net.in,0
linkedin,telegrammelayu.com,0
booking,arboledaclinica.net,0
paypal,chuquge.com,0
kraken,kra5ken.info,1
snapchat,cjonstyle.net,0
axisbank,opens.com.br,0
bybit,kbybit.ru,1
instagram,elora.com,0
dropbox,spinvippoint.us,0
binance,monitas.co.jp,0
microsoft,vdfrtyuidcde.top,0
bybit,cumhuriyet.com.tr,0
binance,its24.pl,0
steam,nca.kz,0
slack,datadock.ne.jp,0
steam,uscellular.com,0
walmart,walmart.com,0
axisbank,okadiary.com,0
kotak,ktak.ru,1
target,target-secure.cn,1
slack,therawolf.com,0
whatsapp,starclinch.com,0
icici,telepolis.com,0
airbnb,airbnb-auth.info,1
apple,appe.xyz,1
twitter,crsrv.sbs,0
icici,internet-connections.net,0
intel,sgguerp.in,0
bybit,bybait.cn,1
stripe,yvnqirmrfo.biz,0
zoom,populationaction.org,0
hulu,wooster.edu,0
uber,qwldb.com,0
instagram,instagram-login.cn,1
apple,musk-spacex.ru,0
hulu,hulu-secure.info,1
dropbox,dropbox-secure.cn,1
paypal,pypal.top,1
icici,icicfi.info,1
booking,byooking.cn,1
target,tarsget.cn,1
bybit,bbit.cn,1
shopify,shop1ify.xyz,1
roblox,roblox-secure.ru,1
instagram,instagram-secure.ru,1
spotify,halcyonyarn.com,0
stripe,stripe-login.cn,1
binance,mediobanca.com,0
uber,uber-secure.xyz,1
booking,booking-secure.info,1
binance,gesund-ins-leben.de,0
whatsapp,technologistsguild.org,0
nvidia,institutoibest.org.br,0
spotify,telefericosantiago.cl,0
salesforce,polarenterprise.ca,0
adobe,australianwildlife.org,0
walmart,mnogo.ru,0
adobe,katano-times.com,0
kotak,kotgak.xyz,1
stripe,lms360.vn,0
binance,airbusan.com,0
spotify,casinoblogspot.co.uk,0
tiktok,tiktok.com,0
ebay,dedispace.net,0
icici,biovea.com,0
adobe,revohealth.com,0
oracle,sale-attestatu-v-novom-urengoe-89.ru,0
snapchat,snapcat.ru,1
slack,kotakuinaction2.win,0
stripe,stripe-verify.info,1
target,emcali.net.co,0
whatsapp,gomason.com,0
snapchat,snapchat-update.ru,1
expedia,expedia8.ru,1
dropbox,genuinehorserace.com,0
coinbase,abinbevefes.app,0
oracle,stellarleonore.space,0
uber,ksasaudi.net,0
snapchat,rightcapital.com,0
twitter,bietigheim-bissingen.de,0
oracle,prw.pl,0
google,google.com,0
dropbox,porn-hub.website,0
github,kaspisms.com,0
hulu,varimsvechi.ru,0
shopify,onecomply.com,0
hulu,hu7lu.top,1
ebay,ebday.top,1
bybit,scarehome.com,0
booking,ftpsllc.com,0
microsoft,microshoft.cn,1
netflix,suedwestfalenit.de,0
spotify,aidedufa.org,0
netflix,wifiwien.at,0
nvidia,tomedu.ru,0
stripe,emclient.com,0
reddit,theanimecommunity.com,0
flipkart,mwrlabs.co.uk,0
microsoft,ascension.org,0
netflix,etflix.xyz,1
uber,nazuby.cz,0
axisbank,baxisbank.info,1
airbnb,airbnb-secure.cn,1
bestbuy,oval.it,0
kotak,kbotak.cn,1
uber,systeme-u.com,0
reddit,starline.ru,0
tiktok,tikt3ok.ru,1
bestbuy,bestbuys.cn,1
paypal,paypal-auth.top,1
paytm,pytm.top,1
twitter,feniksscasinoonline.lv,0
adobe,jewelry-fitshop.ru,0
telegram,teleg1ram.xyz,1
steam,posuslotalt.store,0
salesforce,salesforce-update.info,1
uber,pncactivepay.com,0
hdfc,lizardisland.com.au,0
nvidia,nvidiat.xyz,1
amazon,3amazon.top,1
target,andersondesigngroupstore.com,0
walmart,walart.cn,1
icici,icci.xyz,1
intel,thoughtworks.net,0
shopify,kiloex.io,0
linkedin,linkedin.com,0
axisbank,axisbank-login.info,1
instagram,arbxcomix.com,0
uber,optimallyorganic.com,0
kotak,viktvaktarna.se,0
snapchat,snapechat.top,1
reddit,red3dit.ru,1
salesforce,completude.com,0
bybit,ceew.in,0
zoom,evkazangiris.com,0
salesforce,alcmpn.com,0
dropbox,dropbox-update.cn,1
reddit,compliancemate.com,0
facebook,faceook.ru,1
walmart,darkvisitors.com,0
roblox,service-dns.net,0
paypal,londontown.com,0
expedia,uexpedia.info,1
hdfc,uhdfc.info,1
coinbase,5porno.top,0
twitter,lawhelpny.org,0
spotify,opec.go.th,0
instagram,instagram-update.top,1
nvidia,nvidia.com,0
samsung,samsung-login.info,1
axisbank,axisban.cn,1
binance,svtpag.com,0
binance,msv-duisburg.de,0
roblox,roblox-verify.ru,1
hulu,pasp.ru,0
axisbank,bankisrael.gov.il,0
reddit,potterusa.com,0
adobe,midwaycarrental.com,0
tesla,xkrbt88s.com,0
ebay,pednanet.com.br,0
amazon,aazon.cn,1
bybit,wfish.co.kr,0
roblox,ankr.com,0
microsoft,nepad.org,0
uber,cofc.edu,0
binance,binance.com,0
paytm,probenet.io,0
kraken,klraken.ru,1
telegram,ringsignaler.net,0
adobe,thelawyersdaily.ca,0
spotify,sotify.xyz,1
hulu,zeus.go.kr,0
whatsapp,culligan.org,0
salesforce,echaab.dz,0
kraken,kraken-login.cn,1
salesforce,tfk-service.de,0
kraken,bizzup.net,0
telegram,qiandaochem.com,0
target,top10posti.it,0
kraken,krake.xyz,1
reddit,reddiqt.info,1
spotify,solidbroker.ru,0
target,gigabettech.cc,0
github,nvtyuz.ru,0
axisbank,newconnect.pl,0
nvidia,questn.com,0
facebook,wsfgrp.com,0
uber,rogtotologin.org,0
kotak,5kotak.ru,1
hulu,unimelb.edu.au,0
binance,xandylearning.com,0
netflix,netfplix.xyz,1
adobe,gilar.market,0
google,sunvalley.com,0
github,github-auth.xyz,1
booking,boroking.cn,1
intel,redgps.com,0
axisbank,aqxisbank.cn,1
github,gi7thub.cn,1
dropbox,dropobox.top,1
hdfc,65x.biz,0
tiktok,t118go.org,0
walmart,walmart-update.xyz,1
instagram,dfldata.cc,0
paypal,papal.top,1
tiktok,usa33realitys.top,0
instagram,asi-networks.com,0
ebay,eby.ru,1
oracle,vm5apis.com,0
google,gocogle.ru,1
facebook,faqcebook.info,1
shopify,tacoadobe.com,0
tiktok,ybw.com,0
target,raceinstitute.in,0
nvidia,skyradio.nl,0
axisbank,fortis.com,0
bestbuy,btvsport.bg,0
linkedin,ts.ee,0
coinbase,affi.io,0
airbnb,airnb.cn,1
google,tombow.com,0
amazon,gucciclothesyupoo.fashion,0
icici,icigci.ru,1
zoom,outdoorwarehouse.co.za,0
salesforce,salsforce.xyz,1
kraken,karaken.info,1
walmart,borneoselatan.com,0
shopify,schopify.xyz,1
nvidia,lazurde.com,0
google,ejarden.com,0
zoom,moon61newspapers.xyz,0
whatsapp,njwj88.com,0
airbnb,eurofestivalnews.com,0
instagram,bubutissus.fr,0
axisbank,faw.com.cn,0
paypal,xirmo.net,0
kotak,hostinglaboratory.com,0
booking,bookig.xyz,1
intel,kesslercollection.com,0
target,rwrdsrus24.com,0
twitter,isp-access.de,0
microsoft,delivered.co.kr,0
stripe,transparentpng.com,0
flipkart,flipkartc.ru,1
flipkart,boostcamp.app,0
tesla,tesla-update.xyz,1
salesforce,mcny.org,0
hdfc,avgerinoscosmetics.gr,0
airbnb,funmoon.su,0
salesforce,recamweek.com,0
kotak,qqfullbet.io,0
bestbuy,4flix.co.kr,0
facebook,faceb5ook.info,1
apple,a5pple.top,1
airbnb,racenet.com,0
walmart,w@lmart.cn,1
steam,femalegendermod.net,0
flipkart,tranquilmonkey.com,0
binance,topcasinosuisse.com,0
apple,atilf.fr,0
hulu,hulagirlparking.com,0
amazon,recreio.com.br,0
facebook,wurkkos.com,0
github,789club.win,0
bestbuy,pleasanter.net,0
spotify,spotify-secure.cn,1
hdfc,expresstech.fr,0
dropbox,dropb8ox.top,1
expedia,verani.com,0
kotak,compari.ro,0
axisbank,liveabout.com,0
axisbank,yilisik.com,0
oracle,555taya.com,0
axisbank,nextlevelarena.de,0
netflix,localhost.run,0
booking,iheartmedia.com,0
hulu,superology.pro,0
snapchat,sn0apchat.xyz,1
adobe,vodkacasinobetsite1403.ru,0
slack,conhos.ru,0
zoom,coffea.fr,0
axisbank,malis.pl,0
dropbox,icrt.cu,0
whatsapp,whatsapp.com,0
paypal,tivitz.com,0
whatsapp,agentreputation.xyz,0
intel,i8ntel.top,1
bybit,byb1t.ru,1
intel,yahoomail.com,0
facebook,faceboaok.ru,1
ebay,cremedelamer.co.uk,0
uber,thefinancialexpress.com.bd,0
airbnb,easygovpnkeys06.com,0
snapchat,snapchat-login.top,1
samsung,samsung-verify.top,1
flipkart,b4checkin.com,0
netflix,estboproperties.com,0
reddit,reddit-secure.info,1
dropbox,rapeporn.tv,0
netflix,ntflix.top,1
zoom,zoo.top,1
linkedin,lnkedin.info,1
walmart,walmart-verify.top,1
bestbuy,quicktext.im,0
samsung,tannheimertal.com,0
adobe,google.co.nz,0
snapchat,irabbit.dev,0
google,tantriviet.net,0
kraken,hadley.nz,0
expedia,ecxpedia.info,1
roblox,rolox.top,1
coinbase,fruitpickingjobs.com.au,0
icici,icicij.cn,1
amazon,imba.com,0
slack,leadbolt.net,0
netflix,netflix-login.top,1
samsung,syamsung.top,1
intel,unboxify.in,0
paypal,paypal-secure.cn,1
apple,applfe.ru,1
axisbank,889992914.xyz,0
shopify,shopify2.info,1
paypal,paypal-login.ru,1
expedia,consadole.net,0
kraken,krken.ru,1
linkedin,likedin.top,1
whatsapp,sotca.com,0
twitter,twitter-login.xyz,1
nvidia,footballmania.hr,0
nvidia,vitijob.com,0
stripe,phallus.is,0
zoom,palcofirst.com,0
icici,match-trader.com,0
coinbase,ourteennetwork.com,0
binance,treuorga.net,0
twitter,cpchain.io,0
bybit,fedhealth.co.za,0
kotak,bigbox.lt,0
paytm,morae.global,0
expedia,eurobets.io,0
samsung,lezhin.jp,0
microsoft,aritex.com.co,0
oracle,0racle.info,1
adobe,kansure.com,0
hulu,wrotapodlasia.pl,0
netflix,netfldix.cn,1
hulu,skordle.com,0
coinbase,infrachip.eu,0
paypal,cherrywire.com,0
linkedin,inkedin.ru,1
apple,apple.com,0
stripe,clubdasgarotas.com.br,0
coinbase,svecw.ac.in,0
coinbase,bk-provider.de,0
zoom,zoo9m.top,1
netflix,netflix-auth.ru,1
facebook,liqpay.com,0
airbnb,harrishill.co,0
icici,fawkes-cycles.co.uk,0
spotify,alicecaroline.com,0
netflix,dadomu.by,0
twitter,melbet-power.ru,0
dropbox,abine.com,0
uber,uber-verify.ru,1
snapchat,njal.la,0
ebay,maxarenabracket.com,0
instagram,marionsoal.com,0
nvidia,yorkminster.org,0
tiktok,wpcdn.pl,0
kraken,kraken.com,0
tiktok,thoibaotaichinhvietnam.vn,0
paytm,paytkm.top,1
paytm,p@ytm.xyz,1
binance,b1nance.top,1
hulu,vetus.com,0
kotak,helppi.com.br,0
github,gitfhub.top,1
reddit,latinospost.com,0
amazon,amazon-login.cn,1
shopify,shmopify.cn,1
zoom,zoo5m.top,1
walmart,waplmart.top,1
microsoft,microsoft-verify.cn,1
oracle,oracle-secure.info,1
telegram,teegram.xyz,1
facebook,fliits.com,0
zoom,harmobil.fr,0
flipkart,bioserveur.com,0
oracle,orackle.info,1
steam,iob.com.br,0
zoom,legendcorneroddsmax.com,0
flipkart,flipkart8.top,1
dropbox,dropboxl.info,1
microsoft,microoft.top,1
netflix,netflix.com,0
bybit,uli.org,0
walmart,spiendidate.com,0
google,slotsreviewdailyfocus.us,0
booking,openstorage.cn,0
whatsapp,weup.fr,0
linkedin,parolek-shop.cz,0
nvidia,badnet.fr,0
hdfc,marktg.com,0
zoom,zom.top,1
intel,wearephenix.com,0
zoom,liderbci.cl,0
stripe,birdease.com,0
tesla,qtesla.top,1
icici,khudabaksh.com,0
zoom,infoweb.be,0
microsoft,mlicrosoft.top,1
binance,milano-srv.ru,0
nvidia,nvidfia.top,1
google,zgoogle.xyz,1
nvidia,nvidia0.xyz,1
airbnb,benditomockup.com,0
whatsapp,dwhatsapp.ru,1
paypal,bobi360.cc,0
github,gthub.ru,1
bybit,bybi.top,1
airbnb,betprimenews.co.uk,0
roblox,pixelgamesbank.com,0
hdfc,qnservers.com,0
bestbuy,bestbuy-update.top,1
booking,ihalehaberi.net,0
dropbox,zdev.net,0
amazon,amtazon.info,1
airbnb,ringo.no,0
steam,steam-verify.cn,1
salesforce,televizorus.com,0
hulu,cdn-ns.com,0
apple,apple-update.cn,1
nvidia,kanagawa-kankou.or.jp,0
zoom,getbook.at,0
nvidia,sogou.com,0
facebook,faceboeok.cn,1
ebay,ebiay.ru,1
slack,silverturk.com.tr,0
linkedin,owlracle.info,0
bestbuy,bbestbuy.cn,1
slack,s5lack.top,1
kotak,kota.top,1
oracle,hainmc.edu.cn,0
instagram,insagram.ru,1
twitter,twitter-auth.info,1
snapchat,mercedesforum.nl,0
walmart,dev.com,0
stripe,xstripe.ru,1
spotify,glory-global.com,0
salesforce,myippro.com,0
steam,access-gs.com,0
hulu,sp1-nova.ru,0
reddit,pavaodeouro.vip,0
salesforce,salesforce-secure.xyz,1
kraken,groupeonepoint.com,0
reddit,rddit.info,1
snapchat,recroom.com,0
kraken,sb1230.com,0
bybit,mckenzieinstitute.org,0
bestbuy,lbestbuy.ru,1
spotify,spotiafy.ru,1
linkedin,linedin.xyz,1
uber,mundigiochi.it,0
spotify,character.ai,0
whatsapp,whatsappt.ru,1
hulu,houlu.xyz,1
target,662bet1.com,0
stripe,sripe.xyz,1
nvidia,nvidi.top,1
twitter,twitterz.top,1
spotify,onlinehome.fr,0
roblox,glcymca.org,0
coinbase,bestway.co.uk,0
bybit,eastern-trading.com,0
uber,kenesto.com,0
icici,advantour.com,0
flipkart,chicdressingchic.it,0
stripe,strijpe.cn,1
netflix,arcadegames.store,0
walmart,walm3art.cn,1
microsoft,marwaricollegeranchi.ac.in,0
icici,auparadisduthe.com,0
oracle,locotech.ru,0
apple,classicgaming.com,0
samsung,calibermind.com,0
apple,appl.top,1
coinbase,ai.co.zw,0
axisbank,twinrdsyn.com,0
salesforce,slpjplus.fr,0
kotak,dolarogresort.com,0
kotak,marketingreport.nl,0
shopify,sh0pify.top,1
airbnb,airbnb-verify.ru,1
adobe,adohbe.ru,1
spotify,aspotify.cn,1
intel,ihd.or.kr,0
bestbuy,bintang44.com,0
flipkart,centrify.com,0
oracle,upaz.net.id,0
intel,itel.info,1
amazon,club4x4.ru,0
microsoft,microsoftq.xyz,1
coinbase,coinbase.com,0
binance,ns-1.net,0
reddit,egpostal.com,0
apple,real.gr,0
linkedin,linkedi.xyz,1
steam,100percent.eu,0
spotify,spotify-auth.cn,1
amazon,hidefninja.com,0
dropbox,inches.guru,0
adobe,choicestock.co.kr,0
ebay,timbres-de-france.com,0
salesforce,allovoice.net,0
paypal,paypa0l.xyz,1
facebook,tokyo-yy.com,0
kraken,wfubmc.edu,0
walmart,walm0art.xyz,1
twitter,tw1tter.top,1
ebay,kyoceradocumentsolutions.it,0
spotify,spotfy.cn,1
kraken,redbull.asia,0
kraken,kraen.cn,1
instagram,derasaty.net,0
flipkart,kupit-diplomix-v-domodedovo-50.ru,0
samsung,wga.hu,0
bestbuy,nalpeiron.com,0
target,taarget.ru,1
amazon,amzon.top,1
coinbase,c9oinbase.xyz,1
slack,slack1.ru,1
tesla,xn--vuqy7zft2amna.com,0
adobe,vortexmobilewave.com,0
whatsapp,blacksheepskateshop.com,0
paytm,p3aytm.ru,1
spotify,spotif.xyz,1
nvidia,nvidia-update.ru,1
github,pgithub.ru,1
hdfc,hdfc9.cn,1
oracle,natlife.ru,0
paytm,payctm.ru,1
shopify,shoify.cn,1
paytm,zzmcsc.com,0
dropbox,batery-bets.com,0
bybit,burnet.edu.au,0
reddit,99baji.live,0
linkedin,maxinville.net,0
zoom,handlpay.com,0
expedia,cacaudigital.com.br,0
google,justvoip.com,0
tesla,luxurysouq.com,0
telegram,par2.hn,0
icici,mcsp.com,0
apple,pple.info,1
flipkart,voka.io,0
booking,boodking.info,1
github,mersal-ngo.org,0
axisbank,nocturno.it,0
binance,5-essentials.org,0
icici,edsmart.org,0
facebook,facebotok.xyz,1
zoom,penguinargentina.com,0
kraken,krakaen.info,1
kraken,raken.info,1
booking,bookingz.info,1
snapchat,fnbconnect.co.za,0
shopify,contactociudadano.gob.ec,0
airbnb,ainrbnb.info,1
oracle,ph.co.kr,0
facebook,apconline.co.in,0
snapchat,acmerental.com,0
binance,sairiku.net,0
apple,thirdnode.net,0
intel,bracketdicezone.com,0
binance,bginance.cn,1
booking,bookingf.info,1
reddit,project-syndicate.org,0
facebook,babycity.co.nz,0
stripe,specodegdaoptom.ru,0
hulu,helpersew.com,0
slack,ourstage.com,0
samsung,amsung.ru,1
roblox,roblox.com,0
amazon,amyazon.ru,1
oracle,boldreturns.au,0
walmart,w8almart.xyz,1
google,gonogle.top,1
twitter,stadefrance.com,0
tesla,ait.edu.za,0
google,corelogic.com.au,0
linkedin,magnoliaboutique.com,0
apple,lexiehearing.com,0
airbnb,stats-dss5062-serving.com,0
linkedin,linkedino.top,1
airbnb,ai2rbnb.ru,1
coinbase,slotsnetnews.co.uk,0
airbnb,airbn.top,1
binance,rune.ai,0
expedia,mobium.pro,0
tesla,umn.org.np,0
zoom,cutethings.in,0
steam,yadinero.co,0
slack,sitemeter.com,0
dropbox,lozamaster.online,0
intel,websearchpros.net,0
slack,4gon.co.uk,0
target,compensa24.pl,0
microsoft,crowdfunder.com,0
tesla,09read.com,0
hulu,lycee-charlesdegaulle.fr,0
paypal,javded.org,0
bestbuy,t-i-forum.co.jp,0
icici,cici.info,1
bestbuy,betbuy.info,1
linkedin,1inkedin.xyz,1
target,target-update.ru,1
netflix,gcah.org,0
paypal,zong.com.pk,0
bybit,js.wiki,0
adobe,yeezyadidas.de,0
intel,motherlessmedia.com,0
facebook,orangetaxi.co.za,0
flipkart,lk21official.love,0
flipkart,f1ipkart.top,1
icici,startickets.com,0
microsoft,casinovipland.us,0
walmart,culturepsg.com,0
binance,bina1nce.ru,1
facebook,zfacebook.top,1
binance,vodenglish.news,0
expedia,expedia-verify.cn,1
walmart,almart.xyz,1
oracle,chickenroads.com.ci,0
reddit,resultsearchnow.com,0
whatsapp,whatsapp-secure.info,1
apple,apple8.xyz,1
facebook,2121212.ru,0
adobe,adobex.top,1
paytm,kkstories.com,0
paytm,custompool.xyz,0
slack,matsato-official.com,0
adobe,adoabe.cn,1
tesla,havelsan.com.tr,0
dropbox,glory-casino.kz,0
binance,connectionstrings.com,0
tiktok,tiktoka.xyz,1
slack,thefactsite.com,0
walmart,d-gurus.com,0
twitter,awfed.com,0
coinbase,coinbaseh.cn,1
apple,imper.online,0
netflix,hachettepartworks.com,0
ebay,mlife.mo,0
amazon,amqazon.ru,1
coinbase,archivizer.com,0
salesforce,ezhevita.dev,0
uber,moyaokruga.ru,0
hdfc,hhdfc.xyz,1
ebay,unsavorybehavior.com,0
amazon,dnsone.top,0
reddit,fairy-wings.xyz,0
booking,peaksaunas.com,0
telegram,alpenwelt-karwendel.de,0
nvidia,nidia.top,1
target,target-auth.xyz,1
salesforce,salesfore.top,1
tesla,chinacrane.net,0
paytm,piapi.ai,0
booking,bookqing.cn,1
tesla,tsla.ru,1
netflix,netqflix.ru,1
salesforce,s8alesforce.xyz,1
kraken,nicliotta-hosting.ch,0
instagram,olxslot22.shop,0
google,oogle.info,1
binance,dreamgame.com,0
bestbuy,bestbuy-verify.cn,1
binance,renewableenergymagazine.com,0
walmart,cd-elisakit.com,0
paypal,palypal.top,1
hulu,pentolbetreal.org,0
telegram,telegram3.cn,1
steam,hightoweradvisors.com,0
booking,hybux.com,0
spotify,astrainfo.pro,0
axisbank,yeeyi.com,0
facebook,mta.cloud,0
target,nishizawa-ltd.com,0
facebook,75gamesph.club,0
amazon,zecircle.xyz,0
github,volcbiz.com,0
facebook,bitcoinwisdom.io,0
expedia,exp2edia.top,1
tesla,shobiddak.com,0
binance,binandce.cn,1
uber,ube.cn,1
axisbank,maltepe.bel.tr,0
instagram,bluestreammarketing.com.co,0
dropbox,drompbox.info,1
airbnb,avirbnb.top,1
zoom,amb789k.biz,0
kotak,kotavk.ru,1
whatsapp,colegiopaulovi.com,0
twitter,kedah.gov.my,0
intel,frilivin.fr,0
snapchat,nationalwholesalesupply.com,0
kraken,shiphero.com,0
nvidia,gainapp.com,0
github,g1thub.info,1
target,visitparkcity.com,0
hdfc,interior-design.ltd,0
twitter,touchdownactu.com,0
slack,selack.info,1
salesforce,mangold.tv,0
instagram,itib.info,0
google,jiukun17.autos,0
stripe,scarlettdns.net,0
amazon,eprom.com.eg,0
booking,ns.to.gov.br,0
icici,iwcici.ru,1
telegram,kaisar633vip.com,0
snapchat,cincinnatibell.com,0
kotak,k0tak.cn,1
hulu,globalgamingexpo.com,0
steam,kinect.co.nz,0
axisbank,axisba5nk.top,1
binance,rapidhits.net,0
instagram,instaagram.xyz,1
stripe,makeup.lt,0
tiktok,tikok.xyz,1
microsoft,megaschool.edu.vn,0
intel,inte3l.ru,1
spotify,07win44.com,0
binance,binane.cn,1
uber,ubebr.ru,1
reddit,reddit0.ru,1
slack,avtomaticheskie-rulonnye-shtory1.ru,0
whatsapp,like4like.com,0
airbnb,airbnb-update.cn,1
oracle,orale.cn,1
axisbank,tv.movie,0
linkedin,spinservertwo.net,0
kotak,kotakp.xyz,1
apple,lerners.ca,0
netflix,mscd.edu,0
oracle,silentideas.us,0
netflix,n3tflix.info,1
target,targt.xyz,1
walmart,wallpaperpapgalldecor.com,0
apple,medinacounty.gov,0
twitter,teso.nl,0
netflix,thecfss.co.uk,0
expedia,jexpedia.info,1
netflix,netflixq.cn,1
samsung,samsng.info,1
samsung,idcardgroup.com,0
instagram,telegraphherald.com,0
zoom,agora.ma,0
oracle,racle.xyz,1
spotify,spotify.com,0
whatsapp,wh@tsapp.top,1
microsoft,microsoft-update.top,1
axisbank,axisbjank.cn,1
binance,binantce.xyz,1
hulu,humlu.ru,1
twitter,driptip.su,0
twitter,precisely.com,0
paypal,paypval.xyz,1
instagram,your-cloud.host,0
adobe,nextcore.vn,0
flipkart,gameonworld.fr,0
coinbase,iboxstore.ru,0
expedia,expedia-login.top,1
nvidia,nvidiav.cn,1
expedia,laplanduk.co.uk,0
instagram,xn--80acceyltee1alk.xn--p1ai,0
bybit,aslroma1.it,0
bestbuy,vgboxart.com,0
ebay,dozn.co.kr,0
slack,totallymoney.com,0
reddit,redit.top,1
microsoft,micropsoft.cn,1
coinbase,coisnbase.cn,1
hulu,tidal.com,0
oracle,imago-images.com,0
expedia,exedia.ru,1
shopify,bruntworkwear.com,0
paypal,oproma.de,0
axisbank,joeboboutfitters.com,0
ebay,aksuniversity.ac.in,0
hdfc,hdfc-auth.cn,1
adobe,adob9e.xyz,1
salesforce,wishartlab.com,0
ebay,allfilmy.com,0
paypal,paypazl.xyz,1
nvidia,nvi7dia.cn,1
amazon,amazon-update.info,1
icici,verbodavida.info,0
zoom,zoyom.top,1
adobe,truecall-ua.com,0
kraken,4kraken.cn,1
tesla,contramuro.com,0
telegram,halarastatic.com,0
zoom,zoo1m.top,1
apple,gbebrokers.com,0
microsoft,maxyields.tech,0
twitter,twiter.xyz,1
hulu,hfulu.cn,1
google,worldgymtaiwan.com,0
booking,jenzabarcloud.com,0
instagram,intagram.ru,1
hdfc,staer.ro,0
oracle,orcle.info,1
microsoft,volkermampft.de,0
samsung,asu.baby,0
reddit,reddnit.top,1
intel,promoup.org,0
oracle,vavada-w1ud.top,0
linkedin,qualipet.ch,0
snapchat,we7.com,0
facebook,facebook.com,0
github,slnbullion.in,0
kraken,datasgp.vip,0
hdfc,hdfc-update.top,1
axisbank,waputxt.com,0
roblox,r0blox.info,1
axisbank,construx.com,0
axisbank,ayxisbank.xyz,1
intel,ilntel.info,1
tesla,tkesla.info,1
roblox,robglox.info,1
telegram,t3legram.cn,1
oracle,focus-server5.gr,0
spotify,lumus.com.by,0
flipkart,fipkart.cn,1
samsung,1xbetth.life,0
binance,rts.se,0
ebay,everestgrp.com,0
axisbank,reydev.net,0
reddit,dotdeb.org,0
nvidia,breezygale56.online,0
github,willcom.com,0
paypal,paypl.ru,1
roblox,la-boutique-bio.com,0
slack,wslack.ru,1
samsung,sasung.top,1
facebook,7959500.com,0
linkedin,duniawow.com,0
google,hapisumu.jp,0
icici,1cici.top,1
whatsapp,finnhub.io,0
ebay,ebay-auth.xyz,1
linkedin,linkedin-auth.cn,1
kraken,sesky.pk,0
linkedin,mwmbl.org,0
steam,wcad.org,0
spotify,group-inetum.com,0
spotify,infc.ru,0
icici,ekonomivyer.se,0
hulu,uz6exgbxah.com,0
flipkart,flipkart-auth.ru,1
shopify,shobpify.cn,1
icici,icii.cn,1
facebook,lovelyiqar.click,0
facebook,aics.ad.jp,0
oracle,orace.ru,1
oracle,maxclientstatapi.com,0
amazon,mostbet105.com.kg,0
roblox,bitcoingold.org,0
reddit,llkfag.com,0
bestbuy,aircareprojects.co.in,0
twitter,des-marques-et-vous.com,0
kraken,enertik.com,0
oracle,3bee.com,0
microsoft,muse-cdn.com,0
linkedin,lumendatabase.org,0
instagram,inst8agram.cn,1
flipkart,rozsliduvach.info,0
icici,icic5i.info,1
hdfc,instantnote.fr,0
binance,bnance.cn,1
zoom,alcaidc.com,0
slack,labroots.com,0
apple,e-merge.com,0
google,google-secure.top,1
whatsapp,r-tk.net,0
axisbank,propertyreporter.co.uk,0
twitter,twittr.cn,1
google,googl2e.xyz,1
flipkart,ta3swim.com,0
kotak,fivesecondtest.com,0
coinbase,bettzedek.org,0
tiktok,qtiktok.info,1
oracle,or6acle.xyz,1
bybit,xn--cksr0ar36ezxo.com,0
paytm,66manhua.cc,0
axisbank,badgut.org,0
adobe,dobe.cn,1
dropbox,authoritydental.org,0
roblox,industriemagazin.at,0
paytm,praxisfinanzierung.de,0
bestbuy,callofthenight.space,0
target,christianperspectives.org,0
stripe,dstripe.cn,1
airbnb,reddymatrimony.com,0
roblox,lcca.com,0
spotify,ghassan.website,0
binance,bin4ance.xyz,1
oracle,em.com.br,0
oracle,4oracle.info,1
bybit,hv.edu.pe,0
hdfc,777ad7.com,0
airbnb,muhas.ac.tz,0
whatsapp,whatsapcp.cn,1
uber,nikonlenswear.com,0
snapchat,btjdfm.com,0
airbnb,tsnameserver.com,0
apple,goodrooms.jp,0
roblox,goldhdtube.com,0
netflix,hrl.com,0
oracle,moracle.xyz,1
shopify,ecstasybd.com,0
telegram,domainhotelli.com,0
paypal,essentialassessment.com.au,0
github,ecare.com,0
uber,uer.ru,1
ebay,airi88s.bet,0
stripe,dinuwi.my.id,0
facebook,facebook-login.info,1
slack,yapikrediyarinlarakartopu.com.tr,0
ebay,foxinternet.net,0
stripe,melearning.co.uk,0
booking,endis.ru,0
binance,adssportshub.com,0
axisbank,bremen-nord.de,0
samsung,samisung.top,1
facebook,blink.it,0
dropbox,sbcglobal.net,0
roblox,rgoblox.info,1
zoom,dlsud.edu.ph,0
tesla,tesa.info,1
amazon,babel.audio,0
facebook,retronews.fr,0
kotak,betsmacico.net,0
steam,steam-secure.ru,1
uber,mktbty-eng.com,0
telegram,telgram.ru,1
bestbuy,2bestbuy.cn,1
adobe,adobe-secure.top,1
netflix,netflixk.cn,1
steam,steam-update.info,1
expedia,expedi.info,1
shopify,idonethis.com,0
walmart,dgbak.co.kr,0
airbnb,japan-select.com,0
apple,mlpack.org,0
salesforce,kwai-video.com,0
roblox,24hshop.no,0
axisbank,utv.ro,0
samsung,totalgamingnetwork.com,0
paytm,nic.travel,0
tiktok,competiscan.com,0
telegram,chavaramatrimony.com,0
coinbase,ocoinbase.info,1
facebook,camerussia.com,0
flipkart,ultahostss.hair,0
oracle,oracle-login.cn,1
paypal,paypal-update.ru,1
uber,pixelgamevaultmax.com,0
intel,intelb.xyz,1
coinbase,jadibeton888.com,0
telegram,driduck.com,0
zoom,jams.tv,0
target,aoni.co.jp,0
paypal,my-addr.com,0
binance,skyteam.com,0
paypal,power.se,0
expedia,spendit.de,0
whatsapp,poligon.ru,0
binance,gurusiana.id,0
samsung,samsung-secure.top,1
nvidia,nviia.xyz,1
icici,seopositiveltd.co.uk,0
snapchat,snapchxat.ru,1
samsung,samsunxg.xyz,1
dropbox,paradox-interactive.com,0
bybit,cruceros.pr,0
walmart,walmarwt.info,1
oracle,espoo.fi,0
zoom,tassoftware.com,0
hdfc,dfc.xyz,1
roblox,viiqyfnp.com,0
github,chainhub.ca,0
intel,58win.autos,0
booking,municipal.cl,0
kotak,hopesoftware.org,0
salesforce,222z.top,0
zoom,accommodationnewzealand.com,0
facebook,terrasite.com,0
flipkart,busymatch.net,0
roblox,aodos.gr,0
zoom,josalukkasonline.com,0
twitter,idrbo2.com,0
hdfc,theglobesailor.com,0
twitter,savithrammas.com,0
flipkart,flipkart5.ru,1
ebay,3bay.info,1
bybit,artdaily.cc,0
shopify,mann-hummel.com,0
walmart,armedangels.de,0
linkedin,huulog.com,0
paytm,avaresortcancun.com,0
icici,ca61saves.shop,0
twitter,gambledude.com,0
kotak,lgdj.fr,0
adobe,digitalhybrid.net.au,0
flipkart,zflipkart.ru,1
slack,sklack.cn,1
adobe,zn5bgdg6w75.com,0
oracle,new-retro-slots.ru,0
hulu,onprintshop.com,0
shopify,stadttheater-klagenfurt.at,0
intel,ozexport.nl,0
uber,nic.city,0
google,google-login.top,1
kotak,kotak-login.xyz,1
reddit,reddit-verify.top,1
telegram,novocolor.com.gt,0
coinbase,cinbase.ru,1
whatsapp,cartelempire.online,0
coinbase,fortunetelleroracle.com,0
paytm,2paytm.cn,1
steam,steamn.xyz,1
adobe,adob8e.top,1
dropbox,smartbus.org,0
coinbase,coinbase-login.ru,1
adobe,adobel.cn,1
kotak,cdu.de,0
slack,sznet.de,0
paytm,paytm-verify.top,1
paytm,feb-mandalawaluya.ac.id,0
facebook,ymw6xldi2m.ru,0
tiktok,hubcreative.fr,0
icici,icici-login.cn,1
coinbase,al-vent.ru,0
coinbase,detodoexpres.com,0
bestbuy,mellone.sk,0
salesforce,usa7untils.xyz,0
paytm,astrotips.in,0
ebay,e7bay.cn,1
tesla,uwaycarrental.com,0
microsoft,voxelstories.com,0
airbnb,airabnb.ru,1
hulu,hul0u.ru,1
dropbox,uxidns.com,0
steam,stam.info,1
paytm,cca.gov.in,0
flipkart,gaiasite.com.br,0
paytm,avaros.ca,0
paypal,more.in,0
spotify,spotivfy.ru,1
kraken,o-for.net,0
salesforce,salesfor3ce.info,1
spotify,riorise-shop.com,0
adobe,adobe.com,0
booking,skisolutions.com,0
linkedin,finewords.ru,0
hdfc,theroyalobserver.com,0
netflix,rmf.fm,0
whatsapp,zeldapendium.de,0
adobe,dtac.co.th,0
tiktok,m25vkc.com,0
slack,sohopetik.com,0
reddit,parkexchbet.top,0
microsoft,micromsoft.top,1
flipkart,bape.com,0
axisbank,pzhl.net,0
uber,uber-update.info,1
spotify,spotifyp.xyz,1
samsung,castornetworks.com,0
bestbuy,bestbuy-login.xyz,1
samsung,qdhtt.cn,0
ebay,9ebay.cn,1
airbnb,cfccreates.com,0
binance,binace.cn,1
dropbox,drlopbox.info,1
nvidia,inax-eng.jp,0
flipkart,rodale.com,0
kotak,kotak-auth.top,1
stripe,edgeofexistence.org,0
stripe,stripe0.top,1
booking,booking-update.xyz,1
twitter,ledul.ro,0
axisbank,axibank.cn,1
walmart,violentgentlemen.com,0
steam,stea.xyz,1
instagram,instagram-auth.top,1
airbnb,spinsjournal.co.uk,0
tiktok,billetweb.fr,0
nvidia,moneypanda.com,0
intel,inte.cn,1
roblox,ncees.org,0
samsung,pipireta.com.ar,0
twitter,vhall.com,0
kotak,pkotak.top,1
amazon,croquisphonol.qpon,0
zoom,fuersie-it.de,0
flipkart,asppa-net.org,0
amazon,@mazon.info,1
hulu,huluj.cn,1
expedia,eizoglobal.com,0
google,ca7fathers.xyz,0
kotak,id-visitors.com,0
target,lighting.com,0
expedia,ziprecruiter.in,0
booking,fortunemove.nl,0
google,ageval.fr,0
nvidia,turbolab.it,0
paypal,coop.hu,0
twitter,twitter-update.info,1
amazon,w-jp.com,0
snapchat,ouvaton.coop,0
tesla,t3sla.info,1
expedia,szepmuveszeti.hu,0
telegram,seekshine.com,0
oracle,ghc.org,0
oracle,carloforward.com,0
roblox,jk.mk,0
samsung,samsun5g.ru,1
icici,tiki-taka.bet,0
binance,vide64.com,0
stripe,n-dbc.ru,0
shopify,udwz84qia.com,0
reddit,eddit.cn,1
hdfc,mpi.com,0
whatsapp,mercadolivre.co,0
reddit,bxtrade.net,0
roblox,roblx.ru,1
tesla,themacindex.com,0
hdfc,hdfcw.info,1
tiktok,martin.casino,0
ebay,peakegtr.link,0
kotak,zwia.org,0
github,sac.or.kr,0
shopify,shoapify.top,1
facebook,serverneed.com,0
bestbuy,bestbuy.com,0
instagram,s7.game,0
amazon,amazon.com,0
shopify,shopify-secure.info,1
hdfc,qiangdong.xyz,0
binance,onroad.com.au,0
icici,icici-auth.ru,1
nvidia,pauapique.com.br,0
bybit,harringtonraceway.com,0
intel,musicdoon.ir,0
uber,ssrc.org,0
intel,bossagoodtimes.com,0
hulu,hulu.com,0
intel,fiquipedia.es,0
facebook,f@cebook.cn,1
apple,robopac.com,0
walmart,dsautomobiles.it,0
ebay,uniquepoint.com.au,0
dropbox,drpbox.cn,1
hulu,chevronhotels.com,0
shopify,shozpify.xyz,1
tiktok,tabirkade.ir,0
spotify,swaypp.net,0
tiktok,spkvadrat.ru,0
shopify,8888.bg,0
tesla,zippal.com,0
coinbase,coibase.ru,1
